:020000040800F2
:10000000A069002045010008B9790008A15A00083C
:10001000B5790008BD060008ED8900080000000061
:10002000000000000000000000000000497C000803
:100030006107000800000000DD7A0008A17C0008CC
:100040005F0100085F0100085F0100085F01000810
:100050005F0100085F010008650E0008A50E00089A
:10006000B10E0008BD0E0008C90E00085F010008AF
:100070005F0100085F0100085F0100085F010008E0
:100080005F0100085F0100085F010008CD890008DA
:10009000DD8900085F0100085F010008D50E000837
:1000A000757D0008957D0008857D00085F010008CA
:1000B0005F0100085F0100085F010008A55A000801
:1000C0005F0100085F0100085F0100085F01000890
:1000D0005F0100089D890008AD890008BD890008FE
:1000E000710E00085F0100085F010008D57D00085F
:1000F0000D7E0008F17D00085F0100085F01000827
:100100005F0100085F010008A57D00085F0100088D
:10011000C9840008D9840008B57D0008C57D0008A1
:100120005F0100085F0100085F0100085F0100082F
:10013000DFF80CD000F09AFA0048004779950008E3
:10014000A06900200648804706480047FEE7FEE712
:10015000FEE7FEE7FEE7FEE7FEE7FEE7FEE7FEE777
:10016000157D000831010008D2B201E000F8012B32
:10017000491EFBD270470022F6E710B513460A4627
:1001800004461946FFF7F0FF204610BDF0B480EAA0
:100190000102D40F4200B2EB410F02D202460846E0
:1001A00011464A0042D0C30DDDB2C1F3C752AD1AA9
:1001B000202D35DAC1F3160141F4000204B1524298
:1001C000C5F1200602FA06F12A411044B3EBD05FD4
:1001D00023D0C4B1012DA0EBC35009DCF0BC4FF01B
:1001E000004202EAC352DBB200F5000000F0B2B9EF
:1001F000400000F1807000EBC350A0F1807040EA35
:10020000D170490009E0490841EAC071A0EBC35030
:1002100000F50000400800EBC350F0BC00F091B9BD
:100220006142012202EB4101001BF6E7F0BC70477E
:1002300081F00041AAE780F00040A7E780EA0102D0
:1002400010B502F00043400022D04A001FD0010E3A
:1002500001EB1261C0F35600C2F3560240F40000F5
:1002600042F40002A0FB022000047F39140400D0F5
:10027000401C50EA124001D44000491EC2B20C0694
:1002800004EBD010401C4008802A02D003E000207C
:1002900010BD20F00100002900DA0020184310BD35
:1002A00030B480EA010202F0004530F0004221F053
:1002B000004013D090B1C30DD40DC2F31601C0F3AA
:1002C0001600E41A41F4000140F400027D3491422A
:1002D00001D3641C00E04900002C02DA30BC00208D
:1002E00070474FF400000023914201D3891A034361
:1002F00040084FEA4101F7D151B1914202D14FF08C
:10030000004105E002D24FF0010101E06FF0010170
:1003100003EBC450284430BC00F013B92DE9FE4F64
:1003200081EA030404F0004421F0004100944FF0FE
:10033000000B23F0004350EA01045ED052EA0304AC
:100340005BD0C3F30A54C1F30A552C44A4F2F3342E
:100350000194A0FB0254C1F3130141F48011C3F3D3
:10036000130343F4801301FB024400FB034E840A91
:10037000970A44EA815447EA8357A4FB0768029529
:100380008D0A05FB07854FEA932C04FB0C542705C7
:10039000029D4FEA065847EA1637B5EB08056EEBA3
:1003A000070C870E920E47EA811742EA8312A7FBD9
:1003B0000201B6EB0B0164EB00042B0D43EA0C3396
:1003C0005E1844EB1C50DA465146E7FB0201C5F3C8
:1003D00013044FEA0B3343EA14534FEA0432019CEF
:1003E00043EA0603A4F10C040294009CCDE900B496
:1003F00000F0EDF803B0BDE8F08F00200146F9E70A
:10040000002801DBC0F10040002901DBC1F10041FF
:10041000814201D80120704700207047002801DB8D
:10042000C0F10040002901DBC1F10041814201D24D
:100430000120704700207047002801DBC0F1004018
:10044000002901DBC1F10041814201D30120704745
:1004500000207047002801DBC0F10040002901DBCB
:10046000C1F10041814201D901207047002070474D
:10047000C10F80EAE0700844CA079623002100F00B
:1004800069B896230022114600F064B800F00042DB
:1004900020F00040C10DC0F3160040F400007F2999
:1004A00001DA00207047962903DCC1F19601C840AB
:1004B00001E096398840002AF4D04042704770B578
:1004C000C1F30A5201F000450024C1F3130140F2C8
:1004D000FF3341F480119A4201DA002070BD40F2EE
:1004E00033439A42A2F2334203DC524200F019F83D
:1004F00000E090402C43F1D0404270BD00F000423B
:1005000030F000400AD0C10D01F56071C0F3160053
:1005100042EA0151C20840071143704700200146DA
:100520007047202A04DB203A21FA02F000217047AC
:1005300021FA02F3D040C2F120029140084319464B
:1005400070470029A8BF7047401C490008BF20F031
:100550000100704710B4B0FA80FC00FA0CF050EAC9
:10056000010404BF10BC704749B1CCF1200421FA4A
:1005700004F411FA0CF118BF012121430843A3EB45
:100580000C01CB1D4FEA00614FEA102042BF002052
:1005900010BC704700EBC35010440029A4BF10BC2E
:1005A0007047401C490008BF20F0010010BC704794
:1005B00010B5141E73F1000408DA401C41F100016B
:1005C00092185B411A4301D120F0010010BD2DE9C2
:1005D000F04D92469B4611B1B1FA81F202E0B0FAB9
:1005E00080F22032904600F059F804460F4640EA67
:1005F0000A0041EA0B0153465A46084313D01146FC
:1006000053EA010019D0C8F140025046FFF789FFB4
:1006100005460E4650465946424600F03FF808430C
:1006200005D0012004E020463946BDE8F08D0020C9
:10063000054346EAE0762C4337430A986305E40A0B
:10064000A0EB08000022FD0A44EA47540A3002D514
:1006500000200146E9E7010510196941DDE9084577
:1006600000196941BDE8F04DA2E700001CB509483A
:100670000090094801900546009C06E0E06840F0C3
:10068000010394E8070098471034AC42F6D3FFF713
:1006900053FD0000200F0108400F0108202A04DB51
:1006A000203A00FA02F1002070479140C2F1200385
:1006B00020FA03F31943904070470000FFE7FEE77C
:1006C00040F28810C2F20000006840F2B851C0F257
:1006D000010188423CD0FFE740F28810C2F20000DE
:1006E00000684EF63041C0F20101884230D0FFE789
:1006F00040F28810C2F2000000684DF2A821C0F25A
:100700000201884224D0FFE740F28810C2F20000C4
:1007100000684BF62011C0F20301884218D0FFE7B1
:1007200040F28810C2F20000006849F69871C0F2E9
:10073000040188420CD0FFE740F28810C2F20000AA
:10074000006848F21061C0F20501884207D1FFE756
:1007500041F62011C2F2000163208877FFE770475D
:100760007047000080B501F027FD80BD80B582B0E4
:1007700001208DF80600FFE79DF8060068B1FFE74D
:1007800041F2B840C2F200000DF1070101231A4600
:1007900003F0CCF98DF80600EEE79DF8070002B0F3
:1007A00080BD000080B582B08DF8070001208DF873
:1007B0000600FFE79DF8060068B1FFE741F2B84088
:1007C000C2F200000DF1070101231A4603F0CCFA32
:1007D0008DF80600EEE702B080BD000080B582B063
:1007E000ADF8060001208DF803009DF807008DF894
:1007F00004009DF806008DF80500FFE79DF8030052
:1008000060B1FFE741F2B840C2F2000001A9022244
:10081000012303F0A9FA8DF80300EFE702B080BDD1
:1008200080B586B08DF8150004918DF80F209DF8E5
:100830001500262100F0E6F8ADF80C00BDF80C001C
:1008400020B9FFE70020ADF81600B7E0BDF80C00B6
:1008500040F2B551884205DBFFE740F2B450ADF8F5
:100860000C00FFE7BDF80C009DF80F10884205DB77
:10087000FFE79DF80F00ADF80C00FFE79DF81500AD
:10088000282100F0BFF86FF3DF20ADF80A00002048
:1008900000F052FABDF80A00FFF7A0FF9DF815001E
:1008A00040011830C0B2FFF77DFFBDF80A00BDF867
:1008B0000C100844B0F5006F1ADAFFE70020ADF81D
:1008C0000800FFE7BDF80800BDF80C1088420EDAFA
:1008D000FFE7FFF74BFF049908700498013004907C
:1008E000FFE7BDF808000130ADF80800EAE746E090
:1008F000BDF80A00C0F50060ADF80A000020ADF8B0
:100900000800FFE7BDF80800BDF80A1088420EDABB
:10091000FFE7FFF72BFF049908700498013004905B
:10092000FFE7BDF808000130ADF80800EAE7012054
:1009300000F002FA0020019000F0FEF90198FFF7A4
:100940004DFF9DF8150040011830C0B2FFF72AFF97
:10095000FFE7BDF80800BDF80C1088420EDAFFE78B
:10096000FFF704FF04990870049801300490FFE732
:10097000BDF808000130ADF80800EAE7FFE7012004
:10098000009000F0D9F9BDF80A00BDF80C10084439
:100990006FF3DF20ADF80A009DF81500BDF80A20BE
:1009A000282100F077F900999DF81500402200F009
:1009B00051F9BDF80C00ADF81600FFE7BDF81600C0
:1009C00006B080BD80B582B08DF80700ADF8041088
:1009D000002000F0B1F9BDF80400FFF7FFFE9DF81C
:1009E000070040010930C0B2FFF7DCFEFFF7BEFE92
:1009F0008DF80300012000F09FF99DF8030002B07C
:100A000080BD000080B582B08DF80700ADF80410FD
:100A1000002000F091F9BDF80400FFF7DFFE9DF81B
:100A2000070040010A30C0B2FFF7BCFEFFF79EFE90
:100A30000002ADF80200FFF799FE0146BDF8020082
:100A40000843ADF80200012000F076F9BDF802007D
:100A500002B080BD84B08DF80F00ADF80C1002928A
:100A6000ADF806309DF80F00C0EB001140F2E00039
:100A7000C2F200000844153000909DF80D00009966
:100A800008709DF80C000099487002980078009951
:100A90008870029840780099C87002988078009910
:100AA00008710298C078009948719DF80700009974
:100AB00088719DF806000099C8710099012088731B
:100AC00004B0704780B588B08DF81F000691ADF86E
:100AD00016209DF81F000021FFF774FF00F00F00A3
:100AE000222816D0FFE79DF81F0040F2E001C2F275
:100AF0000001029101F11D020C2100F0EBF80299B6
:100B00009DF81F00B1F821104ABA102100F0C2F878
:100B1000FFE79DF81F002421FFF774FFADF81200D6
:100B2000ADF81000BDF812006FF3DF20ADF8120031
:100B3000002000F001F9BDF81200FFF74FFE9DF80C
:100B40001F0040011430C0B2FFF72CFEBDF81200A8
:100B5000BDF816100844B0F5006F19DAFFE7002061
:100B6000ADF81400FFE7BDF81400BDF81610884278
:100B70000DDAFFE70698411C06910078FFF712FE98
:100B8000FFE7BDF814000130ADF81400EBE744E0D6
:100B9000BDF81200C0F50060ADF80E000020ADF801
:100BA0001400FFE7BDF81400BDF80E1088420DDAFE
:100BB000FFE70698411C06910078FFF7F3FDFFE779
:100BC000BDF814000130ADF81400EBE7012000F08F
:100BD000B3F80020019000F0AFF80198FFF7FEFD98
:100BE0009DF81F0040011430C0B2FFF7DBFDFFE7A6
:100BF000BDF81400BDF8161088420DDAFFE706981C
:100C0000411C06910078FFF7CDFDFFE7BDF8140009
:100C10000130ADF81400EBE7FFE70120009000F091
:100C20008BF8BDF81610BDF810000844ADF81000A0
:100C30009DF81F00BDF81020242100F02BF800992A
:100C40009DF81F00202200F005F8BDF8160008B03E
:100C500080BD000080B582B08DF80700ADF80410AB
:100C60008DF80320002000F067F8BDF80400FFF7BE
:100C7000B5FD9DF8070040010D30C0B2FFF792FDB1
:100C80009DF80300FFF78EFD012000F055F802B03B
:100C900080BD000080B582B08DF80700ADF804106B
:100CA000ADF80220002000F047F8BDF80400FFF77F
:100CB00095FD9DF8070040010E30C0B2FFF772FDB0
:100CC000BDF80200FFF78AFD012000F035F802B000
:100CD00080BD000080B582B08DF80700ADF804102B
:100CE0000092002000F028F8BDF80400FFF776FD20
:100CF0009DF8070040010F30C0B2FFF753FD009888
:100D0000411C00910078FFF74DFD0098411C0091B7
:100D10000078FFF747FD0098411C00910078FFF72D
:100D200041FD0098411C00910078FFF73BFD012038
:100D300000F002F802B080BD80B582B08DF80700E7
:100D40009DF8070050B9FFE740F60040C4F20100EB
:100D50004FF48051002201F017FA0FE09DF80700D0
:100D600001280AD1FFE740F60040C4F201004FF429
:100D70008051012201F008FAFFE7FFE702B080BDD1
:100D800080B582B08DF807009DF8070048B9FFE7ED
:100D900040F60040C4F201000221002201F0F4F903
:100DA0000EE09DF80700012809D1FFE740F600405A
:100DB000C4F201000221012201F0E6F9FFE7FFE79A
:100DC00002B080BD81B040F2E000C2F2000003300A
:100DD000009040F6C440C0F601000178009A1170FE
:100DE0004178009A51708178009A9170C07800998A
:100DF000C87040F6D240C0F601000178009A117127
:100E00004178009A51718178009A9171C078009967
:100E1000C87140F6CC40C0F601000178009A11720A
:100E20004178009A51728178009A9172C178009A43
:100E3000D1720179009A117340790099487340F694
:100E4000C840C0F601000178009A91734178009A79
:100E5000D1738178009A1174C0780099487401B0F8
:100E60007047000080B5012000F0ACFF80BD00009D
:100E700080B54FF4806000F0A5FF4FF4006000F0F3
:100E8000A1FF4FF4805000F09DFF4FF4005000F0A0
:100E900099FF4FF4804000F095FF4FF4004000F0C0
:100EA00091FF80BD80B5022000F08CFF80BD000066
:100EB00080B5042000F086FF80BD000080B50820CA
:100EC00000F080FF80BD000080B5102000F07AFFA8
:100ED00080BD000080B5202000F074FF402000F0AD
:100EE00071FF802000F06EFF4FF4807000F06AFF09
:100EF0004FF4007000F066FF80BD000070470000F6
:100F000081B0009001B0704786B0049003910292C6
:100F10000193049890F820008DF803009DF80300D9
:100F2000012806D0FFE79DF80300022840F0D78093
:100F3000FFE7039880B9FFE704980068C06880075E
:100F400048B9FFE70499486A40F40010486201205C
:100F50008DF81700CCE00FE0049800680069800766
:100F600048B9FFE70499486A40F40010486201203C
:100F70008DF81700BCE0FFE704980068039900EBC8
:100F80000110D0F8B00100F00400029988600298C6
:100F9000806858B9FFE704980068039900EB0110D6
:100FA000D0F8B001400D029908600AE0049800688A
:100FB000039900EB0110D0F8B001C0080299486015
:100FC000FFE704980068039900EB0110D0F8B00126
:100FD000C0F340000299C86004980068039900EBD0
:100FE0000110D0F8B40100F00F00029908610498D4
:100FF0000068039900EB0110D0F8B40180B2000A38
:101000000299886104980068039900EB0110D0F8F8
:10101000B401000C0299486104980068039900EB40
:101020000110D0F8B801019908700498006803997C
:1010300000EB0110D0F8B801000A0199487004983B
:101040000068039900EB0110D0F8B801000C019979
:10105000887004980068039900EB0110D0F8B8017B
:10106000000E0199C87004980068039900EB011004
:10107000D0F8BC010199087104980068039900EB4D
:101080000110D0F8BC01000A019948710498006869
:10109000039900EB0110D0F8BC01000C0199887194
:1010A00004980068039900EB0110D0F8BC01000E11
:1010B0000199C871039838B9FFE704980168C868B6
:1010C00040F02000C86006E004980168086940F01C
:1010D00020000861FFE700208DF8170008E0049960
:1010E000486A40F48020486201208DF81700FFE72D
:1010F0009DF8170006B0704780B58AB009900020AF
:10110000089009980068406907900998006840684D
:101110000690099800688068059009980068C06882
:101120000490099800680069039009980068806934
:1011300002909DF81C00C007002800F09480FFE793
:101140009DF81400C00758B3FFE709980168012013
:1011500088609DF814008007002804D5FFE70998EF
:1011600000F04EFB1BE09DF814004007002805D559
:10117000FFE7089840F4006008900FE09DF8140025
:101180000007002805D5FFE7089840F48050089034
:1011900003E0099800F030FBFFE7FFE7FFE7FFE718
:1011A0009DF81500C00760B3FFE7099801684FF488
:1011B000807088609DF815008007002804D5FFE73F
:1011C000099800F025FB1BE09DF81500400700285A
:1011D00005D5FFE7089840F4005008900FE09DF80F
:1011E00015000007002805D5FFE7089840F4804067
:1011F000089003E0099800F007FBFFE7FFE7FFE72F
:10120000FFE79DF81600C00760B3FFE70998016883
:101210004FF4803088609DF816008007002804D5C0
:10122000FFE7099800F0FCFA1BE09DF81600400764
:10123000002805D5FFE7089840F4004008900FE02B
:101240009DF816000007002805D5FFE7089840F430
:101250008030089003E0099800F0DEFAFFE7FFE72E
:10126000FFE7FFE7FFE79DF81C000007002810D507
:10127000FFE79DF81000C006002809D5FFE7089891
:1012800040F400700890099801681020C860FFE7DA
:10129000FFE79DF81C00400700280FD5FFE79DF8E9
:1012A00010000007002808D5FFE70998016808200A
:1012B000C860099800F07EFAFFE7FFE79DF81C0080
:1012C000800700280BD5FFE709980068C0688007F1
:1012D00020B1FFE7099800F071FAFFE7FFE79DF8FA
:1012E0001C004006002810D5FFE79DF80C00C00642
:1012F000002809D5FFE7089840F480600890099815
:10130000016810200861FFE7FFE79DF81C008006D8
:1013100000280FD5FFE79DF80C000007002808D52E
:10132000FFE70998016808200861099800F04AFA67
:10133000FFE7FFE79DF81C00C00600280BD5FFE77C
:10134000099800680069800720B1FFE7099800F05C
:101350003DFAFFE7FFE79DF81E00800700280FD544
:10136000FFE79DF81800C006002808D5FFE7099898
:10137000016810204860099800F03AFAFFE7FFE79B
:101380009DF81E00C00778B1FFE79DF81800000720
:10139000002808D5FFE709980168082048600998E7
:1013A00000F042FAFFE7FFE79DF81D000006002865
:1013B00040F18D80FFE79DF818004007002840F1BC
:1013C0008180FFE79DF81D00C00750B1FFE79DF841
:1013D0000800C00728B1FFE7089840F00100089016
:1013E000FFE79DF81D00800700280BD5FFE79DF85B
:1013F00008008007002805D5FFE7089840F00200A4
:101400000890FFE79DF81D00400700280BD5FFE777
:101410009DF808004007002805D5FFE7089840F030
:1014200004000890FFE79DF81D000007002848D53C
:10143000FFE79DF8080010F0700F42D0FFE7029818
:1014400000F0700001460191102814D0FFE70198C8
:10145000202815D0FFE70198302816D0FFE7019823
:10146000402817D0FFE70198502818D0FFE70198CF
:10147000602819D01DE0089840F00800089019E095
:10148000089840F01000089014E0089840F0200000
:1014900008900FE0089840F0400008900AE0089893
:1014A00040F08000089005E0089840F480700890B3
:1014B00000E0FFE709980168886920F07000886102
:1014C000FFE7FFE70998016804204860FFE70898F4
:1014D00048B1FFE7089A0999486A10434862099899
:1014E000FFF70EFDFFE70AB080BD000080B584B0B5
:1014F0000290029820B9FFE701208DF80F00E0E08C
:10150000029890F8200020B9FFE7029800F0DEF87A
:10151000FFE702980168086820F00200086000F008
:101520004BFE0190FFE702980068406880070028A2
:1015300015D5FFE700F040FE0199401A0B280DD3A6
:10154000FFE70299486A40F400304862029905209A
:1015500081F8200001208DF80F00B2E0E3E7029847
:101560000168086840F00100086000F025FE019065
:10157000FFE7029800684068C007A8B9FFE700F0DD
:101580001BFE0199401A0B280DD3FFE70299486A08
:1015900040F4003048620299052081F820000120C3
:1015A0008DF80F008DE0E4E70298007E012807D156
:1015B000FFE702980168086840F08000086006E0D4
:1015C00002980168086820F080000860FFE7029830
:1015D000407E012807D1FFE702980168086840F0C3
:1015E0004000086006E002980168086820F04000AA
:1015F0000860FFE70298807E012807D1FFE7029884
:101600000168086840F02000086006E00298016860
:10161000086820F020000860FFE70298C07E0128DB
:1016200007D1FFE702980168086820F01000086001
:1016300006E002980168086840F010000860FFE7C3
:101640000298007F012807D1FFE702980168086827
:1016500040F00800086006E002980168086820F081
:1016600008000860FFE70298407F012807D1FFE7E4
:1016700002980168086840F00400086006E00298DB
:101680000168086820F004000860FFE7029B196801
:101690005A689868D3F80CC040EA0C00D3F810C020
:1016A00040EA0C005B691843013A1043C861029993
:1016B00000204862029A012182F820108DF80F0064
:1016C000FFE79DF80F0004B080BD000080B58EB02C
:1016D0000D9000200C900B900A9009900D980068D6
:1016E00046F20041C4F20001884261D1FFE7FFE702
:1016F00041F21C00C4F20200016841F00071016077
:10170000006800F0007008900898FFE7FFE741F2DA
:101710001800C4F20200016841F00801016000688D
:1017200000F0080007900798FFE74FF480700990D9
:1017300000200A900B9040F60040C4F20100049093
:1017400009A9059100F05AFB049805994FF400721D
:10175000099202220A9203220C9200F04FFBFFE74B
:101760000421C4F2010108680690069820F4C040E4
:101770000690069840F0E0600690069840F480409D
:10178000069006980860FFE713200190002202925D
:10179000114601F0EFFB019801F0E2FB029A1420E0
:1017A0000390114601F0E6FB039801F0D9FBFFE737
:1017B0000EB080BD81B0009001B0704781B0009044
:1017C00001B0704781B0009001B0704780B582B021
:1017D00001900198006846F20041C4F2000188427D
:1017E00004D1FFE701980BF0CFFAFFE702B080BD0C
:1017F00081B0009001B0704781B0009001B0704797
:1018000081B0009001B0704781B0009001B0704786
:1018100081B0009001B0704781B0009001B0704776
:1018200081B0009001B0704781B0009001B0704766
:1018300080B596B0159000208DF85300159890F85B
:101840002100022807D0FFE71599042088630120B2
:101850008DF8530074E115980168086820F00E00B7
:10186000086015980168086820F001000860159864
:1018700000688121C4F202018842C0F0A880FFE71D
:10188000159800680821C4F20201884203D1FFE7DD
:101890000120139094E0159800681C21C4F2020105
:1018A000884203D1FFE71020129086E01598006867
:1018B0003021C4F20201884204D1FFE74FF4807066
:1018C000119077E0159800684421C4F20201884223
:1018D00004D1FFE74FF48050109068E0159800683D
:1018E0005821C4F20201884204D1FFE74FF480304E
:1018F0000F9059E0159800686C21C4F202018842EB
:1019000004D1FFE74FF480100E904AE0159800686C
:101910008021C4F20201884204D1FFE74FF08070B9
:101920000D903BE01598006840F20841C4F20201B6
:10193000884203D1FFE701200C902CE01598006845
:1019400040F21C41C4F20201884203D1FFE710209B
:101950000B901DE01598006840F23041C4F202017E
:10196000884204D1FFE74FF480700A900DE015988B
:10197000016840F24442C4F202024FF480309142C6
:1019800008BF4FF480500A90FFE70A980B90FFE7DA
:101990000B980C90FFE70C980D90FFE70D980E90B8
:1019A000FFE70E980F90FFE70F981090FFE7109851
:1019B0001190FFE711981290FFE712981390FFE73C
:1019C000139840F20441C4F202010860A5E01598A2
:1019D00000680821C4F20201884203D1FFE7012018
:1019E000099094E0159800681C21C4F20201884215
:1019F00003D1FFE71020089086E015980068302199
:101A0000C4F20201884204D1FFE74FF480700790CE
:101A100077E0159800684421C4F20201884204D19D
:101A2000FFE74FF48050069068E015980068582151
:101A3000C4F20201884204D1FFE74FF480300590E0
:101A400059E0159800686C21C4F20201884204D163
:101A5000FFE74FF4801004904AE015980068802159
:101A6000C4F20201884204D1FFE74FF08070039076
:101A70003BE01598006840F20841C4F20201884238
:101A800003D1FFE7012002902CE01598006840F296
:101A90001C41C4F20201884203D1FFE710200190EB
:101AA0001DE01598006840F23041C4F202018842FE
:101AB00004D1FFE74FF4807000900DE015980168A5
:101AC00040F24442C4F202024FF48030914208BF17
:101AD0004FF480500090FFE700980190FFE70198D5
:101AE0000290FFE702980390FFE703980490FFE756
:101AF00004980590FFE705980690FFE70698079081
:101B0000FFE707980890FFE708980990FFE7099812
:101B10000421C4F202010860FFE71599012081F851
:101B20002100FFE71599002081F82000FFE71598B4
:101B3000406B20B1FFE71598416B8847FFE7FFE74F
:101B40009DF8530016B080BD80B582B0ADF8060098
:101B5000BDF8060001280DD1FFE7BDF8061041F2DF
:101B60000040C4F2010000F0F7FA014600200CF03A
:101B700013FC24E1BDF8060002280DD1FFE7BDF8F3
:101B8000061041F20040C4F2010000F0E5FA0146FF
:101B900001200CF001FC11E1BDF8060004280DD174
:101BA000FFE7BDF8061042F20000C4F2010000F0A9
:101BB000D3FA014602200CF0EFFBFEE0BDF8060070
:101BC00008280DD1FFE7BDF8061041F20040C4F22D
:101BD000010000F0C1FA014603200CF0DDFBEBE050
:101BE000BDF8060010280DD1FFE7BDF8061041F240
:101BF0000040C4F2010000F0AFFA014604200CF0EE
:101C0000CBFBD8E0BDF8060020280DD1FFE7BDF8DA
:101C1000061041F20040C4F2010000F09DFA0146B6
:101C200005200CF0B9FBC5E0BDF8060040280DD139
:101C3000FFE7BDF8061041F20040C4F2010000F0D9
:101C40008BFA014606200CF0A7FBB2E0BDF80600B7
:101C500080280DD1FFE7BDF8061041F20040C4F224
:101C6000010000F079FA014607200CF095FB9FE097
:101C7000BDF80600B0F5807F0DD1FFE7BDF8061076
:101C800040F60000C4F2010000F066FA01460820A8
:101C90000CF082FB8BE0BDF80600B0F5007F0DD1A3
:101CA000FFE7BDF8061042F20000C4F2010000F0A8
:101CB00053FA014609200CF06FFB77E0BDF80600EF
:101CC000B0F5806F0DD1FFE7BDF8061042F20000BD
:101CD000C4F2010000F040FA01460A200CF05CFB5F
:101CE00063E0BDF80600B0F5006F0DD1FFE7BDF869
:101CF000061042F20000C4F2010000F02DFA014685
:101D00000B200CF049FB4FE0BDF80600B0F5805FFA
:101D10000DD1FFE7BDF8061042F20000C4F2010049
:101D200000F01AFA01460C200CF036FB3BE0BDF83F
:101D30000600B0F5005F0DD1FFE7BDF8061042F2D6
:101D40000000C4F2010000F007FA01460D200CF07B
:101D500023FB27E0BDF80600B0F5804F0DD1FFE76B
:101D6000BDF8061042F20000C4F2010000F0F4F9E0
:101D700001460E200CF010FB13E0BDF80600B0F594
:101D8000004F0DD1FFE7BDF8061042F20000C4F28B
:101D9000010000F0E1F901460F200CF0FDFAFFE729
:101DA000FFE7FFE7FFE7FFE7FFE7FFE7FFE7FFE703
:101DB000FFE7FFE7FFE7FFE7FFE7FFE7FFE702B027
:101DC00080BD000080B582B0ADF8060040F214403E
:101DD000C4F201000068BDF8061008420CD0FFE70D
:101DE000BDF8060040F21441C4F201010860BDF8DC
:101DF0000600FFF7A9FEFFE702B080BD92B0119088
:101E0000109100200E900D900C900B9009900F9067
:101E1000FFE70F980F2800F29C81FFE70F99012040
:101E200088400E90109800680E9908400D900D980B
:101E30000E99884240F08881FFE71098406807902B
:101E4000002851D0FFE7079801283AD0FFE707980C
:101E500002283FD0FFE7079803285FD0FFE70798E5
:101E6000112832D0FFE70798122838D0FFE70798EB
:101E70000021C1F21101884236D0FFE70798002106
:101E8000C1F2120188422FD0FFE707980021C1F26A
:101E90002101884228D0FFE707980021C1F22201E2
:101EA000884221D0FFE707980021C1F23101884222
:101EB0001AD0FFE707980021C1F23201884213D0FF
:101EC0002FE01098C0680B902CE01098C068043088
:101ED0000B9027E01098C06808300B9022E0109813
:101EE000C0680C300B901DE01098806818B9FFE7AF
:101EF00004200B9011E010988068012806D1FFE7BC
:101F000008200B900E981199086105E008200B90AD
:101F10000E9811994861FFE7FFE703E000200B905E
:101F200000E0FFE70D98FF2803D8FFE7119806901F
:101F300003E0119804300690FFE706980A900D9888
:101F4000FF2804D8FFE70F988000059006E00F995E
:101F50006FF01F0000EB81000590FFE705980990E6
:101F60000A980068099A0F21914088430B99914083
:101F700008430A9908601098C079C006002840F10B
:101F8000E280FFE7FFE741F21800C4F202000168B7
:101F900041F001010160006800F00100089008981C
:101FA000FFE70F9820F003000821C4F20101405818
:101FB0000C900F9800F0030081000F2000FA01F14F
:101FC0000C9888430C90119840F60001C4F201016E
:101FD000884203D1FFE70020049042E0119840F6C8
:101FE0000041C4F20101884203D1FFE701200390C0
:101FF00034E0119841F20001C4F20101884203D19A
:10200000FFE70220029026E0119841F20041C4F25D
:102010000101884203D1FFE70320019018E01198E5
:1020200041F60001C4F20101884203D1FFE7042018
:1020300000900AE0119941F60042C4F20102062024
:10204000914208BF05200090FFE700980190FFE74C
:1020500001980290FFE702980390FFE7039804902D
:10206000FFE704980F9901F00301890000FA01F1DC
:102070000C9808430C900C980F9921F0030108224A
:10208000C4F20102885010988079C00748B1FFE778
:102090000D9A40F20041C4F2010108681043086043
:1020A00008E00D9A40F20041C4F201010868904333
:1020B0000860FFE7109880798007002809D5FFE7BE
:1020C0000D9A40F20441C4F201010868104308600F
:1020D00008E00D9A40F20441C4F2010108689043FF
:1020E0000860FFE710988079C006002809D5FFE74F
:1020F0000D9A40F20841C4F20101086810430860DB
:1021000008E00D9A40F20841C4F2010108689043CA
:102110000860FFE7109880798006002809D5FFE75E
:102120000D9A40F20C41C4F20101086810430860A6
:1021300008E00D9A40F20C41C4F201010868904396
:102140000860FFE7FFE7FFE7FFE70F9801300F9018
:102150005FE612B07047000082B00190ADF8021047
:1021600001988068BDF80210084204D0FFE7012002
:102170008DF8010003E000208DF80100FFE79DF8D5
:10218000010002B07047000082B00190ADF802106B
:102190008DF801209DF8010028B1FFE7BDF802008D
:1021A0000199086105E0BDF8020000040199086189
:1021B000FFE702B07047000041F69810C2F200003D
:1021C0000068704781B0009001B0704782B0019004
:1021D0008DF80310ADF8002002B0704780B586B0CE
:1021E000059005980068806904900598006840692A
:1021F00003900598006840680290059890F83E00AA
:1022000001900198102805D0FFE70198402840F080
:102210009280FFE7039810F0011F0AD0FFE79DF8B6
:1022200009008007002804D5FFE7059804F0C8F9E5
:1022300023E003980821C0F2010108420AD0FFE719
:102240009DF809008007002804D5FFE7059804F0F1
:102250003BF811E003980221C0F2010108420AD0C4
:10226000FFE79DF809008007002804D5FFE70598DF
:1022700004F036F8FFE7FFE7FFE704980421C0F217
:10228000100108422BD0FFE703988021C0F2010122
:10229000084211D0FFE79DF80900400700280BD540
:1022A000FFE703980421C0F20101084204D1FFE7CF
:1022B000059803F019FF11E003980421C0F2010111
:1022C00008420AD0FFE79DF809008007002804D5DE
:1022D000FFE7059803F09AFEFFE7FFE72AE003987F
:1022E0004021C0F20101084211D0FFE79DF809002A
:1022F000400700280BD5FFE703980421C0F2010135
:10230000084204D1FFE7059803F0F0FD11E00398BF
:102310000421C0F2010108420AD0FFE79DF809003C
:102320008007002804D5FFE7059803F033FDFFE799
:10233000FFE7FFE781E003980221C0F201010842B4
:102340000AD0FFE79DF809008007002804D5FFE7C1
:10235000059804F0BDFB6FE003981021C0F2010165
:1023600008420AD0FFE79DF809008007002804D53D
:10237000FFE7059804F0DEFB5DE004980421C0F25D
:10238000100108422BD0FFE703988021C0F2010121
:10239000084211D0FFE79DF80900400700280BD53F
:1023A000FFE703980421C0F20101084204D1FFE7CE
:1023B000059804F059FB11E003980421C0F20101D3
:1023C00008420AD0FFE79DF809008007002804D5DD
:1023D000FFE7059804F032FBFFE7FFE72AE00398E8
:1023E0004021C0F20101084211D0FFE79DF8090029
:1023F000400700280BD5FFE703980421C0F2010134
:10240000084204D1FFE7059804F0E4FA11E00398CC
:102410000421C0F2010108420AD0FFE79DF809003B
:102420008007002804D5FFE7059804F0BDFAFFE710
:10243000FFE7FFE7FFE7FFE7FFE706B080BD00002B
:1024400081B0009001B0704780B58CB00A90002038
:10245000099008900A9820B9FFE701208DF82F0015
:102460000DE10A9890F83D0040B9FFE70A99002075
:1024700081F83C000A9800F095FCFFE70A992420B7
:1024800081F83D000A980168086820F001000860A2
:1024900000F0F8FE08900A98406848F2A061C0F287
:1024A000010188420BD8FFE7089948F28042C0F248
:1024B0001E020020914238BF012007900AE00899CF
:1024C00040F60012C0F23D020020914238BF0120C8
:1024D0000790FFE70798012804D1FFE701208DF856
:1024E0002F00CCE008984DF68361C4F21B31A0FBAD
:1024F0000110800C099009980A99096848600A98A7
:10250000406848F2A061C0F20101884204D8FFE7A8
:102510000998013006900EE009984FF496714843EF
:1025200044F6D351C1F26201A0FB0101012000EB8E
:1025300091100690FFE706980A99096808620A98C0
:10254000406848F2A061C0F2010188421FD8FFE74D
:10255000089801380A9949684900B0FBF1F0013048
:102560006FF31F30032803D8FFE7042005900BE02A
:10257000089801380A9949684900B0FBF1F0013028
:102580006FF31F300590FFE7059804904CE00A9820
:10259000806868B9FFE7089801380A99496801EB33
:1025A0004101B0FBF1F001306FF31F3003900DE0FB
:1025B000089801380A99496819225143B0FBF1F093
:1025C0000130042161F31F300390FFE703980005F9
:1025D00018B9FFE70120029023E00A98806868B9E3
:1025E000FFE7089801380A99496801EB4101B0FBFF
:1025F000F1F001306FF31F3001900DE008980138C1
:102600000A99496819225143B0FBF1F001300421C5
:1026100061F31F300190FFE7019840F40040029001
:10262000FFE702980490FFE704980A990968C861D7
:102630000A9A1168D069126A104308600A98016802
:10264000C2680069104388600A9A116850699269EB
:102650001043C8600A980168086840F001000860EB
:102660000A99002008640A9A202182F83D100A99EC
:1026700008630A9981F83E008DF82F00FFE79DF866
:102680002F000CB080BD000081B0009001B07047F9
:1026900081B0009001B0704781B0009001B07047E8
:1026A00081B000900098006845F20041C4F200013A
:1026B000884201D1FFE7FFE701B0704781B0009089
:1026C0000098006845F20041C4F20001884201D13F
:1026D000FFE7FFE701B0704710B58CB08446109853
:1026E0000F98DDF838E0CDF828C0ADF82610ADF829
:1026F0002420ADF82230ADF8200000200790FFF72D
:102700005BFD07900A9890F83D00202840F01B825E
:10271000FFE70A9807996A4611600221C0F210018A
:102720000122192304F00EFB20B1FFE702208DF8EF
:102730002F000CE2FFE70A9890F83C00012804D132
:10274000FFE702208DF82F0001E20A99012081F8AD
:102750003C00FFE7FFE70A980068006800F001000E
:10276000012807D0FFE70A980168086840F00100D7
:102770000860FFE70A980168086820F400600860B4
:102780000A99222081F83D000A99402081F83E00F4
:102790000A99002008640E980A994862BDF8200042
:1027A0000A9948850A990020CFF6FF70C8620A98F6
:1027B000408D0A9908850A98BDF82610BDF8242096
:1027C000BDF82230DDF840C0079CEE46CEF804404C
:1027D000CEF800C003F054FFC8B1FFE70A98006CC0
:1027E00004280AD1FFE7FFE70A99002081F83C009E
:1027F000FFE701208DF82F00A9E1FFE70A990020EB
:1028000081F83C00FFE703208DF82F009FE10A9834
:10281000008DA0B9FFE7FFE7002006900A98006846
:10282000406906900A980068806906900698FFE75C
:102830000A980168086840F40070086057E00A9838
:10284000008D01281CD1FFE70A980168086820F470
:102850008060086072B6FFE7002005900A98006863
:10286000406905900A980068806905900598FFE71F
:102870000A980168086840F40070086062B635E0A4
:102880000A98008D02281CD1FFE70A9801680868A1
:1028900040F40060086072B6FFE7002004900A98D8
:1028A0000068406904900A98006880690490049860
:1028B000FFE70A980168086820F48060086062B643
:1028C00013E00A980168086840F480600860FFE738
:1028D000002003900A980068406903900A980068F5
:1028E000806903900398FFE7FFE7FFE7FFE7FFE753
:1028F0000A98008D002800F01481FFE70A98008DE7
:10290000032800F2CD80FFE70A98008D012825D129
:10291000FFE70A981099079A04F0EEFA68B1FFE70A
:102920000A98006C202804D1FFE703208DF82F00BF
:102930000DE101208DF82F0009E10A980068006977
:102940000A9B596A4A1C5A6208700A99088D013814
:1029500008850A99488D01384885A0E00A98008DBD
:1029600002283AD1FFE70A98109B07996A4611603E
:102970000421C0F20101002204F0E4F920B1FFE7D4
:1029800003208DF82F00E2E072B60A98016808680B
:1029900040F4007008600A98006800690A9B596A50
:1029A0004A1C5A6208700A99088D013808850A99EC
:1029B000488D0138488562B60A98006800690A9B0C
:1029C000596A4A1C5A6208700A99088D01380885AC
:1029D0000A99488D0138488560E00A98109B07994C
:1029E0006A4611600421C0F20101002204F0AAF934
:1029F00020B1FFE703208DF82F00A8E00A980168B6
:102A0000086820F48060086072B60A98006800695F
:102A10000A9B596A4A1C5A6208700A99088D013843
:102A200008850A99488D013848850A98109B0799AE
:102A30006A4611600421C0F20101002204F082F90B
:102A400020B1FFE703208DF82F0080E00A9801688D
:102A5000086840F4007008600A98006800690A9BE2
:102A6000596A4A1C5A6208700A99088D013808850B
:102A70000A99488D0138488562B60A98006800694D
:102A80000A9B596A4A1C5A6208700A99088D0138D3
:102A900008850A99488D01384885FFE7FFE73FE040
:102AA0000A981099079A04F027FA68B1FFE70A9884
:102AB000006C202804D1FFE703208DF82F0046E0AA
:102AC00001208DF82F0042E00A98006800690A9BF7
:102AD000596A4A1C5A6208700A99088D013808859B
:102AE0000A99488D013848850A980068406900F0C5
:102AF00004010120B0EB910F11D1FFE70A980068A3
:102B000000690A9B596A4A1C5A6208700A99088D22
:102B1000013808850A99488D01384885FFE7FFE7A5
:102B2000E6E60A99202081F83D000A99002081F804
:102B30003E00FFE70A99002081F83C00FFE70020F3
:102B40008DF82F0003E002208DF82F00FFE79DF89D
:102B50002F000CB010BD000010B588B084460C9852
:102B60000B98DDF828E0CDF818C0ADF81610ADF8D8
:102B70001420ADF81230ADF8100000200390FFF7DC
:102B80001BFB0390069890F83D00202840F001813F
:102B9000FFE7069803996A4611600221C0F210010E
:102BA0000122192304F0CEF820B1FFE702208DF8AE
:102BB0001F00F2E0FFE7069890F83C00012804D1DE
:102BC000FFE702208DF81F00E7E00699012081F859
:102BD0003C00FFE7FFE706980068006800F001008E
:102BE000012807D0FFE706980168086840F0010057
:102BF0000860FFE706980168086820F40060086034
:102C00000699212081F83D000699402081F83E0078
:102C10000699002008640A9806994862BDF81000D9
:102C20000699488506990020CFF6FF70C86206987D
:102C3000408D069908850698BDF81610BDF8142039
:102C4000BDF81230DDF830C0039CEE46CEF80440EB
:102C5000CEF800C003F008FEC8B1FFE70698006C8C
:102C600004280AD1FFE7FFE70699002081F83C001D
:102C7000FFE701208DF81F008FE0FFE70699002095
:102C800081F83C00FFE703208DF81F0085E0FFE797
:102C90000698008D00284AD0FFE706980C99039A01
:102CA00004F084F998B1FFE70698006C04280AD173
:102CB000FFE706980168086840F40070086001208A
:102CC0008DF81F0069E003208DF81F0065E0069A6B
:102CD000506A411C5162007806990968086106999A
:102CE000088D013808850699488D01384885069871
:102CF0000068406900F004010120B0EB910F15D18C
:102D0000FFE70698008D88B1FFE7069A506A411CDC
:102D1000516200780699096808610699088D0138A2
:102D200008850699488D01384885FFE7B0E7069881
:102D30000C99039A03F0BEFF98B1FFE70698006C68
:102D400004280AD1FFE706980168086840F400707B
:102D5000086001208DF81F001FE003208DF81F0080
:102D60001BE006980168086840F400700860069946
:102D7000202081F83D000699002081F83E00FFE701
:102D80000699002081F83C00FFE700208DF81F0025
:102D900003E002208DF81F00FFE79DF81F0008B038
:102DA00010BD000080B588B0079000200690059007
:102DB000049003900798006845F20041C4F20001B6
:102DC000884235D1FFE7FFE741F21800C4F2020064
:102DD000016841F008010160006800F008000290FD
:102DE0000298FFE7C0200390122004900320069071
:102DF00040F60040C4F2010003A9FEF7FFFFFFE721
:102E000041F21C00C4F20200016841F400110160AB
:102E1000006800F4001001900198FFE71F20009067
:102E20000022114600F0A6F8009800F099F8FFE79C
:102E300008B080BD81B0009001B0704781B00090B3
:102E400001B0704740F21400C2F20000027841F66F
:102E50009811C2F200010868104408607047000031
:102E600080B582B042F20001C4F20201086840F06D
:102E700010000860032000F097F80020019000F097
:102E800005F800F03BF8019802B080BD80B582B033
:102E9000009040F20000C2F20000006840F214010D
:102EA000C2F200010A784FF47A71B1FBF2F1B0FB83
:102EB000F1F001F051FA20B1FFE701208DF8070091
:102EC00018E000980F280DD8FFE700994FF0FF3069
:102ED000002200F04FF8009840F21801C2F2000101
:102EE000086003E001208DF8070003E000208DF862
:102EF0000700FFE79DF8070002B080BD80B584B0F1
:102F0000FFE741F21800C4F20200016841F001013C
:102F10000160006800F0010003900398FFE7FFE7FD
:102F200041F21C00C4F20200016841F080510160CE
:102F3000006800F0805002900298FFE7052000F042
:102F400033F8FFE70421C4F20101086801900198F9
:102F500020F0E060019001980860FFE704B080BDB8
:102F600080B582B08DF807009DF9070004F026FDBA
:102F700002B080BD80B586B08DF817000491039231
:102F80000020029004F062FD02909DF9170001906C
:102F900002980499039A04F023FD0146019804F075
:102FA0005DFD06B080BD000080B582B00190019843
:102FB00004F076FD02B080BD80B586B00490039128
:102FC00000200290039842F20001C4F20201096855
:102FD00001F00701884216D9FFE742F20000C4F26F
:102FE0000200016821F00701039A114301600068A3
:102FF00000F007000399884204D0FFE701208DF814
:10300000170035E1FFE704980078800700282AD5EB
:10301000FFE7049800784007002809D5FFE741F250
:103020000401C4F20201086840F4E0600860FFE7B0
:10303000049800780007002809D5FFE741F2040151
:10304000C4F20201086840F460500860FFE741F2F2
:103050000401C4F20201086820F0F000049A9268AA
:1030600010430860FFE704980078C007002800F0CC
:103070009D80FFE70498406801280ED1FFE741F2E8
:103080000000C4F2020000688003002804D4FFE7B7
:1030900001208DF81700EBE021E004984068022839
:1030A0000ED1FFE741F20000C4F202000068800187
:1030B000002804D4FFE701208DF81700D8E00DE0C8
:1030C00041F20000C4F2020000688007002804D426
:1030D000FFE701208DF81700CAE0FFE7FFE741F2A4
:1030E0000401C4F20201086820F00300049A526847
:1030F00010430860FFF760F80290049840680128C8
:103100001AD1FFE7FFE741F20400C4F202000068B1
:1031100000F00C0004280ED0FFE7FFF74DF80299ED
:10312000401A41F28931884204D3FFE703208DF829
:1031300017009DE0E7E738E00498406802281AD1BC
:10314000FFE7FFE741F20400C4F20200006800F06C
:103150000C0008280ED0FFE7FFF72EF80299401A5E
:1031600041F28931884204D3FFE703208DF817002C
:103170007EE0E7E718E0FFE741F20400C4F2020056
:10318000006810F00C0F0ED0FFE7FFF715F802995A
:10319000401A41F28931884204D3FFE703208DF8B9
:1031A000170065E0E8E7FFE7FFE7FFE7039842F273
:1031B0000001C4F20201096801F00701884216D239
:1031C000FFE742F20000C4F20200016821F00701AB
:1031D000039A11430160006800F0070003998842D8
:1031E00004D0FFE701208DF8170041E0FFE70498C5
:1031F0000078400700280CD5FFE741F20401C4F233
:103200000201086820F4E060049AD2681043086064
:10321000FFE704980078000700280DD5FFE741F28A
:103220000401C4F20201086820F46050049A126993
:1032300040EAC2000860FFE700F048F841F20401EC
:10324000C4F202010968C9B20A0940F6AC41C0F6ED
:103250000101895CC84040F20001C2F2000108602F
:1032600000200190FFF712FE01988DF81700FFE78C
:103270009DF8170006B080BD40F20000C2F20000C9
:103280000068704780B5FFF7F7FF41F20401C4F210
:1032900002010968C1F3022240F6BC41C0F60101F7
:1032A000895CC84080BD000080B5FFF7E5FF41F2B2
:1032B0000401C4F202010968C1F3C22240F6BC4114
:1032C000C0F60101895CC84080BD00008BB040F6AB
:1032D0000E70C1F210000A9040F60A30C0F60C5091
:1032E000099040F20670C0F60810089040F20230D3
:1032F000C0F20450079040F20120ADF81A000020FF
:103300000590049003900290019041F20400C4F2F1
:10331000020000680590059800F00C00014600913D
:10332000E0B3FFE70098042804D0FFE700980828DE
:1033300006D034E041F20020C0F27A00019034E07F
:103340000598C0F3834107A8405C02909DF81600E1
:10335000C007C0B1FFE741F20400C4F202000068F8
:1033600000F400310DF11A0040EA51400078049059
:10337000029841F20021C0F27A0148430499B0FB5F
:10338000F1F0039007E0029840F60011C0F23D0111
:1033900048430390FFE70398019006E0FFE741F2FE
:1033A0000020C0F27A000190FFE701980BB070474F
:1033B00080B586B004900020039004980078C00780
:1033C000002800F0AE80FFE741F20400C4F20200E2
:1033D000006800F00C00042813D0FFE741F204005D
:1033E000C4F20200006800F00C0008281BD1FFE7BF
:1033F00041F20400C4F202000068C003002812D5A4
:10340000FFE741F20000C4F20200006880030028D8
:1034100008D5FFE70498406820B9FFE701208DF840
:103420001700D8E27CE0FFE704984068B0F5803FE1
:1034300009D1FFE741F20001C4F20201086840F43B
:103440008030086032E00498406868B9FFE741F2D4
:103450000001C4F20201086820F4803008600868A6
:1034600020F48020086020E004984068B0F5A02F88
:103470000DD1FFE741F20001C4F20201086840F4F7
:1034800080200860086840F4803008600CE041F259
:103490000001C4F20201086820F480300860086866
:1034A00020F480200860FFE7FFE7FFE7FFE70498CC
:1034B0004068D0B1FFE7FEF77FFE0390FFE741F2DF
:1034C0000000C4F202000068800300280CD4FFE76B
:1034D000FEF772FE0399401A652804D3FFE7032024
:1034E0008DF8170077E2EAE719E0FEF765FE039032
:1034F000FFE741F20000C4F20200006880030028E8
:103500000CD5FFE7FEF758FE0399401A652804D34F
:10351000FFE703208DF817005DE2EAE7FFE7FFE72A
:10352000FFE7049800788007002840F18D80FFE7CE
:1035300041F20400C4F20200006810F00C0F13D036
:10354000FFE741F20400C4F20200006800F00C0042
:10355000082829D1FFE741F20400C4F20200006804
:10356000C003002820D4FFE741F20000C4F20200AB
:1035700000688007002809D5FFE704980069012842
:1035800004D0FFE701208DF8170024E241F200018A
:10359000C4F20201086820F0F800049A526940EA77
:1035A000C2000860FFE74EE00498006958B3FFE7E7
:1035B0000021C4F2422101200860FEF7FDFD0390C6
:1035C000FFE741F20000C4F2020000688007002813
:1035D0000CD4FFE7FEF7F0FD0399401A032804D34B
:1035E000FFE703208DF81700F5E1EAE741F200015B
:1035F000C4F20201086820F0F800049A526940EA17
:10360000C20008601EE00021C4F2422100200860D0
:10361000FEF7D2FD0390FFE741F20000C4F2020082
:103620000068800700280CD5FFE7FEF7C5FD039969
:10363000401A032804D3FFE703208DF81700CAE1DE
:10364000EAE7FFE7FFE7FFE70498007800070028B4
:1036500048D5FFE70498806918B3FFE740F280413E
:10366000C4F2422101200860FEF7A6FD0390FFE7A7
:1036700041F22400C4F202000068800700280CD444
:10368000FFE7FEF799FD0399401A032804D3FFE7EB
:1036900003208DF817009EE1EAE7012004F020FAEC
:1036A0001FE040F28041C4F2422100200860FEF792
:1036B00083FD0390FFE741F22400C4F2020000689A
:1036C000800700280CD5FFE7FEF776FD0399401A26
:1036D000032804D3FFE703208DF817007BE1EAE716
:1036E000FFE7FFE7049800784007002840F1D88002
:1036F000FFE700208DF80B0041F21C00C4F202002D
:103700000068C000002813D4FFE7FFE741F21C0067
:10371000C4F20200016841F080510160006800F0CD
:10372000805001900198FFE701208DF80B00FFE722
:1037300047F20000C4F200000068C005002822D44F
:10374000FFE747F20001C4F20001086840F480700E
:103750000860FEF731FD0390FFE747F20000C4F276
:1037600000000068C00500280CD4FFE7FEF724FD28
:103770000399401A652804D3FFE703208DF817004A
:1037800029E1EAE7FFE7FFE70498C068012809D1CB
:10379000FFE741F22001C4F20201086840F0010095
:1037A000086031E00498C06868B9FFE741F2200181
:1037B000C4F20201086820F001000860086820F0E7
:1037C000040008601FE00498C06805280DD1FFE7D9
:1037D00041F22001C4F20201086840F004000860D0
:1037E000086840F0010008600CE041F22001C4F2DA
:1037F0000201086820F001000860086820F0040059
:103800000860FFE7FFE7FFE7FFE70498C068E0B163
:10381000FFE7FEF7D1FC0390FFE741F22000C4F27E
:1038200002000068800700280ED4FFE7FEF7C4FC02
:103830000399401A41F28931884204D3FFE70320FB
:103840008DF81700C7E0E8E71BE0FEF7B5FC039032
:10385000FFE741F22000C4F2020000688007002860
:103860000ED5FFE7FEF7A8FC0399401A41F2893113
:10387000884204D3FFE703208DF81700ABE0E8E7A8
:10388000FFE79DF80B00012809D1FFE741F21C0179
:10389000C4F20201086820F080500860FFE7FFE7EB
:1038A0000498C069002800F09280FFE741F204000C
:1038B000C4F20200006800F00C00082800F08280CA
:1038C000FFE70498C06902285CD1FFE76021C4F2D9
:1038D000422100200860FEF76FFC0390FFE741F2F1
:1038E0000000C4F202000068800100280CD5FFE748
:1038F000FEF762FC0399401A032804D3FFE7032074
:103900008DF8170067E0EAE70498006AB0F5803F99
:103910000CD1FFE741F20401C4F20201086820F46F
:103920000030049A926810430860FFE741F20401F6
:10393000C4F20201086820F47410049B1A6A5B6ADE
:103940001A43104308606021C4F24221012008603C
:10395000FEF732FC0390FFE741F20000C4F20200E0
:103960000068800100280CD4FFE7FEF725FC0399CE
:10397000401A032804D3FFE703208DF817002AE03C
:10398000EAE71EE06021C4F2422100200860FEF751
:1039900013FC0390FFE741F20000C4F2020000684C
:1039A000800100280CD5FFE7FEF706FC0399401ABA
:1039B000032804D3FFE703208DF817000BE0EAE7A4
:1039C000FFE703E001208DF8170004E0FFE7002087
:1039D0008DF81700FFE79DF8170006B080BD0000C6
:1039E00080B584B00290029820B9FFE701208DF8DD
:1039F0000F004BE0029900208862029890F8510075
:103A000020B9FFE7029800F045F8FFE7029902208D
:103A100081F8510002980168086820F040000860B1
:103A2000029A019211685068D2F808C0D36840EA3F
:103A30000C0018431369184353691843936903F43E
:103A400000731843D3691843136A1843926A1043EA
:103A50000860029801688369426A042000EA134002
:103A60001043486002980168C06A086102980168C2
:103A7000C86920F40060C861029900204865029A74
:103A8000012182F851108DF80F00FFE79DF80F001B
:103A900004B080BD80B58AB00990002008900790DE
:103AA000069005900998006843F60001C4F20001F1
:103AB000884239D1FFE7FFE741F21C00C4F202005F
:103AC000016841F480410160006800F48040049086
:103AD0000498FFE7FFE741F21800C4F20200016812
:103AE00041F008010160006800F0080003900398AD
:103AF000FFE74FF420400590022006900320089035
:103B000040F60040C4F20100019005A90291FEF7C1
:103B100075F9019802994FF48042059200220692AD
:103B20000792FEF76BF9FFE70AB080BD80B588B059
:103B300006900591ADF812200393002002908DF8B5
:103B4000070006984068B0F5827F16D1FFE7069817
:103B5000806890B9FFE70699042081F85100069823
:103B6000059ABDF812300399EC46CCF800101146C6
:103B700000F042FA8DF81F00F1E0FFE7069890F898
:103B80005000012804D1FFE702208DF81F00E6E075
:103B90000699012081F85000FFE7FFE7FEF70CFBD4
:103BA0000290069890F85100012804D0FFE7022007
:103BB0008DF80700C4E0059820B1FFE7BDF81200BA
:103BC00020B9FFE701208DF80700B9E0069904202D
:103BD00081F851000699002048650599069A91637D
:103BE000BDF81210069A9187BDF81210069AD18777
:103BF00006990863069988860699C8860699086416
:103C00000699486406988068B0F5004F07D1FFE731
:103C100006980168086820F480400860FFE706986D
:103C20000068006800F04000402807D0FFE70698D1
:103C30000168086840F040000860FFE70698C06827
:103C400070BBFFE7FFE70698C08F40B3FFE7069819
:103C500000688068C00768B1FFE706980068007BCD
:103C6000059908700598013005900699C88F0138AC
:103C7000C88713E0039860B1FFE70398013060B193
:103C8000FFE7FEF799FA0299401A0399884204D394
:103C9000FFE703208DF8070052E0FFE7D3E72DE0B0
:103CA000FFE70698C08F40B3FFE70698006880687A
:103CB000C00768B1FFE706980068C06805990880EA
:103CC0000598023005900699C88F0138C88713E01F
:103CD000039860B1FFE70398013060B1FFE7FEF79A
:103CE0006BFA0299401A0399884204D3FFE7032034
:103CF0008DF8070024E0FFE7D3E7FFE70698406868
:103D0000B0F5827F13D1FFE706988068B0F5004FC9
:103D100006D0FFE706988068B0F5806F07D1FFE70F
:103D200006980168086820F040000860FFE70698E0
:103D3000406D20B1FFE701208DF80700FFE7FFE7A6
:103D40000699012081F85100FFE70699002081F8CB
:103D50005000FFE79DF807008DF81F00FFE79DF872
:103D60001F0008B080BD000080B58AB008900791A0
:103D7000ADF81A200593002004908DF80F00FFE79E
:103D8000089890F85000012804D1FFE702208DF830
:103D900027002CE10899012081F85000FFE7FFE798
:103DA000FEF70AFA0490089890F85100012804D010
:103DB000FFE702208DF80F000AE1079820B1FFE726
:103DC000BDF81A0020B9FFE701208DF80F00FFE0D1
:103DD0000899032081F85100089900204865079947
:103DE000089A1163BDF81A10089A9186BDF81A1046
:103DF000089AD18608998863089988870899C8879E
:103E0000089948640899086408988068B0F5004FDC
:103E100007D1FFE708980168086840F4804008600F
:103E2000FFE708980068006800F04000402807D0CD
:103E3000FFE708980168086840F040000860FFE765
:103E40000898C068B0F5006F45D1FFE70898406852
:103E500028B1FFE70898C08E01280DD1FFE7079829
:103E6000008808990968C860079802300790089987
:103E7000C88E0138C886FFE7FFE70898C08E48B3B0
:103E8000FFE7089800688068800700280DD5FFE7E5
:103E90000798008808990968C86007980230079059
:103EA0000899C88E0138C88613E0059860B1FFE70D
:103EB0000598013060B1FFE7FEF77EF90499401ADA
:103EC0000599884204D3FFE703208DF80F007FE0B7
:103ED000FFE7D2E744E00898406828B1FFE7089878
:103EE000C08E01280DD1FFE707980078089909686E
:103EF00008730798013007900899C88E0138C88662
:103F0000FFE7FFE70898C08E48B3FFE7089800680E
:103F10008068800700280DD5FFE70798007808998A
:103F2000096808730798013007900899C88E01380E
:103F3000C88613E0059860B1FFE70598013060B1CD
:103F4000FFE7FEF739F90499401A0599884204D32E
:103F5000FFE703208DF80F003AE0FFE7D2E7FFE725
:103F60000898059B04996A4611600221012203F01A
:103F7000F7FD20B1FFE703208DF80F0028E0089837
:103F80000599049A03F0CAFD38B1FFE701208DF8C6
:103F90000F000899202048651AE00898806870B9D9
:103FA000FFE7FFE70020029008980068C0680290D1
:103FB00008980068806802900298FFE7FFE7089879
:103FC000406D20B1FFE701208DF80F00FFE7FFE70C
:103FD0000899012081F85100FFE70899002081F835
:103FE0005000FFE79DF80F008DF82700FFE79DF8D0
:103FF00027000AB080BD000080B58EB0DDF840C05B
:104000000C900B910A92ADF8263000200890079092
:104010000690012105918DF81300FFE70C9890F8A8
:104020005000012804D1FFE702208DF837008EE10F
:104030000C99012081F85000FFE7FFE7FEF7BCF87C
:1040400006900C9890F8510008900C9840680790E2
:104050000898012811D0FFE70798B0F5827F08D1B2
:10406000FFE70C98806820B9FFE70898042804D07F
:10407000FFE702208DF813005AE10B9838B1FFE7F3
:104080000A9820B1FFE7BDF8260020B9FFE701201C
:104090008DF813004CE10C9890F85100012805D1DF
:1040A000FFE70C99052081F85100FFE70C990020EB
:1040B00048650A990C9A9163BDF826100C9AD1872D
:1040C000BDF826100C9A91870B990C9A1163BDF8D4
:1040D00026100C9AD186BDF826100C9A91860C9960
:1040E00008640C9948640C980068006800F040006F
:1040F000402807D0FFE70C980168086840F04000AE
:104100000860FFE70C98C068B0F5006F71D1FFE759
:104110000C98406828B1FFE70C98C08E01280DD19B
:10412000FFE70B9800880C990968C8600B9802306B
:104130000B900C99C88E0138C886FFE7FFE70C98F2
:10414000C18E0120029039B9FFE70C98C08F00287A
:1041500018BF01200290FFE70298C007002847D04F
:10416000FFE70598D0B1FFE70C98C08EB0B1FFE72C
:104170000C9800688068800700280FD5FFE70B982F
:1041800000880C990968C8600B9802300B900C9954
:10419000C88E0138C88600200590FFE70C98C08FB4
:1041A000A8B1FFE70C9800688068C00778B1FFE706
:1041B0000C980068C0680A9908800A9802300A9032
:1041C0000C99C88F0138C88701200590FFE7109827
:1041D000013060B1FFE7FDF7EFFF0699401A109933
:1041E000884204D3FFE703208DF81300A0E0A6E780
:1041F0006EE00C98406828B1FFE70C98C08E01284B
:104200000DD1FFE70B9800780C99096808730B989B
:1042100001300B900C99C88E0138C886FFE7FFE784
:104220000C98C18E0120019039B9FFE70C98C08F1E
:10423000002818BF01200190FFE70198C00700285F
:1042400045D0FFE70598C8B1FFE70C98C08EA8B12C
:10425000FFE70C9800688068800700280ED5FFE70C
:104260000B98411C0B9100780C99096808730C9904
:10427000C88E0138C88600200590FFE70C98C08FD3
:10428000A0B1FFE70C9800688068C00770B1FFE735
:104290000C980068C0680A994A1C0A9208700C9928
:1042A000C88F0138C88701200590FFE710980130BA
:1042B00060B1FFE7FDF780FF0699401A1099884228
:1042C00004D3FFE703208DF8130031E0A8E7FFE7F0
:1042D0000C98109B06996A4611600221012203F096
:1042E0003FFC20B1FFE703208DF8130020E00C987D
:1042F0001099069A03F012FC38B1FFE701208DF8FF
:1043000013000C992020486512E00C98806870B961
:10431000FFE7FFE7002003900C980068C068039057
:104320000C980068806803900398FFE7FFE7FFE7B9
:104330000C99012081F85100FFE70C99002081F8C9
:104340005000FFE79DF813008DF83700FFE79DF858
:1043500037000EB080BD000080B582B0019001989A
:1043600003F074FC02B080BD80B582B08DF8070008
:1043700000208DF8060040F21400C2F20000007820
:104380009DF80710884211D0FFE79DF8070040F222
:104390001401C2F20001087040F21800C2F20000DD
:1043A0000068FEF773FD8DF80600FFE79DF8060034
:1043B00002B080BD81B0009001B0704781B0009024
:1043C00001B0704783B001900091FFE7019890F829
:1043D0003C00012804D1FFE702208DF80B0031E0FA
:1043E0000199012081F83C00FFE7FFE701990220D5
:1043F00081F83D0001980168486820F0700048602D
:104400000098026801980168486810434860019864
:104410000168886820F080008860009842680198F0
:1044200001688868104388600199012081F83D0087
:10443000FFE70199002081F83C00FFE700208DF89C
:104440000B00FFE79DF80B0003B0704780B582B00A
:104450000090009820B9FFE701208DF807001DE0CB
:10446000009890F83D0040B9FFE70099002081F8DE
:104470003C00009800F016F8FFE70099022081F850
:104480003D00009951F8040B03F0CEFC0099012087
:1044900081F83D0000208DF80700FFE79DF8070038
:1044A00002B080BD80B59AB019901998006840F6A6
:1044B0000041C4F20001884219D1FFE7FFE741F251
:1044C0001C00C4F20200016841F0080101600068AC
:1044D00000F0080018901898FFE732200E90022193
:1044E0000022FEF747FD0E98FEF73AFD4EE11998BF
:1044F000006841F20001C4F20001884219D1FFE7CF
:10450000FFE741F21C00C4F20200016841F0100113
:104510000160006800F0100017901798FFE7362040
:104520000D9002210022FEF725FD0D98FEF718FDE3
:104530002BE11998006841F20041C4F20001884261
:1045400019D1FFE7FFE741F21C00C4F20200016845
:1045500041F020010160006800F0200016901698DC
:10456000FFE737200C9002210022FEF703FD0C9894
:10457000FEF7F6FC08E11998006843F20041C4F226
:10458000010188422DD1FFE7FFE741F21800C4F294
:104590000200016841F400510160006800F400501D
:1045A00015901598FFE72B20079002210991002212
:1045B0000A92FEF7DFFC0798FEF7D2FC09990A9AE7
:1045C0002C200890FEF7D6FC0898FEF7C9FC099944
:1045D0000A9A2D200B90FEF7CDFC0B98FEF7C0FC3D
:1045E000D1E01998006844F60041C4F20101884204
:1045F00019D1FFE7FFE741F21800C4F20200016899
:1046000041F400210160006800F400201490149827
:10461000FFE71820069002210022FEF7ABFC069867
:10462000FEF79EFCAEE01998006845F20001C4F266
:104630000101884219D1FFE7FFE741F21800C4F2F7
:104640000200016841F480110160006800F48010EC
:1046500013901398FFE71920059002210022FEF71E
:1046600089FC0598FEF77CFC8BE01998006845F200
:104670000041C4F20101884219D1FFE7FFE741F28E
:104680001800C4F20200016841F4001101600068E2
:1046900000F4001012901298FFE71A2004900221F3
:1046A0000022FEF767FC0498FEF75AFC68E01998B0
:1046B000006841F60001C4F20001884219D1FFE709
:1046C000FFE741F21C00C4F20200016841F0400122
:1046D0000160006800F0400011901198FFE72B2066
:1046E000039002210022FEF745FC0398FEF738FCF8
:1046F00045E01998006841F60041C4F20001884283
:1047000019D1FFE7FFE741F21C00C4F20200016883
:1047100041F080010160006800F080001090109866
:10472000FFE72C20029002210022FEF723FC0298D2
:10473000FEF716FC22E01998006842F20001C4F26C
:104740000001884219D1FFE7FFE741F21C00C4F2E3
:104750000200016841F480710160006800F480701B
:104760000F900F98FFE72D20019002210022FEF705
:1047700001FC0198FEF7F4FBFFE7FFE7FFE7FFE727
:10478000FFE7FFE7FFE7FFE7FFE7FFE71AB080BDBE
:1047900081B0009000980168C86840F00100C860CE
:1047A00000980168086840F001000860002001B02E
:1047B0007047000081B0009000980168C86820F040
:1047C0000100C860FFE700980068006A41F211111B
:1047D000084210D1FFE700980068006A40F24441A7
:1047E000084207D1FFE700980168086820F001003F
:1047F0000860FFE7FFE7FFE7002001B07047000017
:1048000080B586B00490039100200290FFE70498E1
:1048100090F83C00012804D1FFE702208DF8170032
:10482000C6E00499012081F83C00FFE7FFE7049906
:10483000022081F83D000498006880680290029888
:1048400020F077000290029820F47F4002900298B6
:10485000049909688860039800680190002800F0B6
:104860008080FFE70198102800F08180FFE7019821
:10487000202800F08280FFE70198302800F0838034
:10488000FFE7019840285FD0FFE70198502841D00A
:10489000FFE7019860284AD0FFE70198702811D0FF
:1048A000FFE70198B0F5805F05D0FFE70198B0F50C
:1048B000005F20D06DE004980168886820F0070050
:1048C000886067E004980068039B5A689968DB6811
:1048D00003F098FB0498006880680290029820F02A
:1048E00077000290029840F07700029002980499B5
:1048F000096888604EE004980068039B5A689968CC
:10490000DB6803F07FFB04980168886840F480400E
:1049100088603FE004980068039A5168D26803F009
:104920007BFD04980068502103F088FB32E0049876
:104930000068039A5168D26803F09AFD04980068F1
:10494000602103F07BFB25E004980068039A51681E
:10495000D26803F061FD04980068402103F06EFB0B
:1049600018E004980068002103F068FB12E0049846
:104970000068102103F062FB0CE00498006820211D
:1049800003F05CFB06E004980068302103F056FB5E
:1049900000E0FFE70499012081F83D00FFE704995A
:1049A000002081F83C00FFE700208DF81700FFE7AA
:1049B0009DF8170006B080BD81B0009001B070472F
:1049C00080B582B0019001980068006900F0020192
:1049D0000020B0EB510F28D0FFE701980068C068B5
:1049E00000F002010020B0EB510F1DD0FFE701984D
:1049F00001686FF0020008610199012008770198B1
:104A000000688069800720B1FFE70198FFF7D4FFB5
:104A100006E0019800F058F9019800F045FAFFE728
:104A2000019900200877FFE7FFE701980068006917
:104A300000F004010020B0EB910F29D0FFE70198AE
:104A40000068C06800F004010020B0EB910F1ED098
:104A5000FFE7019801686FF00400086101990220E6
:104A6000087701980068806910F4407F04D0FFE760
:104A70000198FFF7A1FF06E0019800F025F90198E1
:104A800000F012FAFFE7019900200877FFE7FFE73F
:104A900001980068006900F008010020B0EBD10F18
:104AA00028D0FFE701980068C06800F008010020E6
:104AB000B0EBD10F1DD0FFE7019801686FF008003F
:104AC000086101990420087701980068C06980078F
:104AD00020B1FFE70198FFF76FFF06E0019800F0B3
:104AE000F3F8019800F0E0F9FFE70199002008775A
:104AF000FFE7FFE701980068006900F0100100205F
:104B0000B0EB111F29D0FFE701980068C06800F0E2
:104B100010010020B0EB111F1ED0FFE701980168C3
:104B20006FF010000861019908200877019800686B
:104B3000C06910F4407F04D0FFE70198FFF73CFF05
:104B400006E0019800F0C0F8019800F0ADF9FFE729
:104B5000019900200877FFE7FFE7019800680069E6
:104B6000C00780B1FFE701980068C068C00748B17E
:104B7000FFE7019801686FF001000861019800F0FB
:104B8000CDF9FFE7FFE7019800680069C1B2002096
:104B9000B0EBD11F13D0FFE701980068C068C1B225
:104BA0000020B0EBD11F09D0FFE7019801686FF03A
:104BB000800008610198FFF7FDFBFFE7FFE7019820
:104BC0000068006900F040010020B0EB911F14D094
:104BD000FFE701980068C06800F040010020B0EBDA
:104BE000911F09D0FFE7019801686FF0400008614C
:104BF000019800F023FAFFE7FFE7019800680069D9
:104C000000F020010020B0EB511F14D0FFE7019805
:104C10000068C06800F020010020B0EB511F09D0EF
:104C2000FFE7019801686FF0200008610198FFF725
:104C3000C5FBFFE7FFE702B080BD000080B588B08C
:104C40000790002006900590049003900798006854
:104C500040F20041C4F20001884232D1FFE7FFE791
:104C600041F21800C4F20200016841F01001016035
:104C7000006800F0100002900298FFE74FF4707097
:104C8000039002200490069041F20000C4F201005B
:104C900003A9FDF7B3F8FFE70421C4F20101086896
:104CA0000190019820F440600190019840F0E0608C
:104CB0000190019840F44060019001980860FFE77E
:104CC000FFE708B080BD000081B0009001B07047E0
:104CD00080B586B0049003910292FFE7049890F8A3
:104CE0003C00012804D1FFE702208DF817008DE079
:104CF0000499012081F83C00FFE7FFE704990220B6
:104D000081F83D00029801900C2800F27080019912
:104D1000DFE801F0076D6D6D206D6D6D3A6D6D6DA5
:104D2000530004980068039903F0A2F904980168FD
:104D3000886940F00800886104980168886920F05B
:104D40000400886103980269049801688869104327
:104D500088614DE004980068039903F005FA04980F
:104D60000168886940F40060886104980168886976
:104D700020F480608861039802690498016888695A
:104D800040EA0220886133E004980068039903F048
:104D90006BFA04980168C86940F00800C86104987B
:104DA0000168C86920F00400C8610398026904988A
:104DB0000168C8691043C8611AE004980068039943
:104DC00003F0D2FA04980168C86940F40060C86131
:104DD00004980168C86920F48060C861039802697A
:104DE00004980168C86940EA0220C86100E0FFE752
:104DF0000499012081F83D00FFE70499002081F823
:104E00003C00FFE700208DF81700FFE79DF8170032
:104E100006B080BD80B582B00090009820B9FFE751
:104E200001208DF807001DE0009890F83D0040B982
:104E3000FFE70099002081F83C00009800F016F888
:104E4000FFE70099022081F83D00009951F8040B1A
:104E500002F0EAFF0099012081F83D0000208DF862
:104E60000700FFE79DF8070002B080BD82B0019007
:104E70000198006840F20041C4F20001884210D15C
:104E8000FFE7FFE741F21C00C4F20200016841F0B5
:104E900002010160006800F0020000900098FFE746
:104EA000FFE702B07047000081B0009001B070478A
:104EB00080B584B0039002910398006802990122A2
:104EC000009203F085F800980399096842F60042C1
:104ED000C4F20102914201900CD0FFE703980068F0
:104EE0004CF60041CBF6FE710844B0FA80F0400960
:104EF0000190FFE70198C00738B1FFE70398016808
:104F0000486C40F400404864FFE703980168086873
:104F100040F001000860002004B080BD80B582B080
:104F200001900198006840F60041C4F200018842F7
:104F300004D1FFE700200AF071FB7DE001980068D2
:104F400041F20001C4F20001884204D1FFE70120D0
:104F50000AF064FB6FE00198006841F20041C4F27E
:104F60000001884204D1FFE702200AF057FB61E00C
:104F70000198006843F20041C4F20101884204D163
:104F8000FFE703200AF04AFB53E00198006844F66B
:104F90000041C4F20101884204D1FFE704200AF075
:104FA0003DFB45E00198006845F20001C4F20101B3
:104FB000884204D1FFE705200AF030FB37E0019872
:104FC000006845F20041C4F20101884204D1FFE7C4
:104FD00006200AF023FB29E00198006841F6000151
:104FE000C4F20001884204D1FFE707200AF016FB53
:104FF0001BE00198006841F60041C4F200018842BC
:1050000004D1FFE708200AF009FB0DE001980068D1
:1050100042F20001C4F20001884204D1FFE70920F6
:105020000AF0FCFAFFE7FFE7FFE7FFE7FFE7FFE72C
:10503000FFE7FFE7FFE7FFE702B080BD81B0009028
:1050400001B0704781B0009001B0704780B586B064
:105050000590059800680068049005980068C0688D
:10506000039005980068406902900020019000902C
:10507000049800F00F000190019888B9FFE79DF8AF
:105080001000800600280AD5FFE79DF80C00800676
:10509000002804D5FFE7059803F05EFAD2E0FFE7A9
:1050A0000198002800F0AE80FFE79DF80800C007D7
:1050B00038B9FFE7BDF80C0010F4907F00F0A28033
:1050C000FFE79DF81000C00758B1FFE79DF80D00FD
:1050D000C00730B1FFE70599C86B40F00100C86315
:1050E000FFE79DF81000400700280BD5FFE79DF86B
:1050F0000800C00730B1FFE70599C86B40F0020017
:10510000C863FFE79DF81000800700280BD5FFE774
:105110009DF80800C00730B1FFE70599C86B40F063
:105120000400C863FFE79DF81000000700280BD5B6
:10513000FFE79DF80800C00730B1FFE70599C86B8D
:1051400040F00800C863FFE70598C06B002858D0FE
:10515000FFE79DF81000800600280AD5FFE79DF8BC
:105160000C008006002804D5FFE7059803F0F4F949
:10517000FFE7059800684069C0F38010009005982B
:10518000C06B0007002803D4FFE7009888B3FFE74F
:10519000059803F0B9F905980068406940060028B1
:1051A00022D5FFE705980168486920F04000486172
:1051B0000598406B98B1FFE70598416B48F2E940CC
:1051C000C0F6000048630598406BFCF731FB28B13E
:1051D000FFE70598406B416B8847FFE703E00598C0
:1051E000FFF730FFFFE703E00598FFF72BFFFFE72E
:1051F00006E00598FFF726FF05990020C863FFE742
:10520000FFE71FE09DF81000000600280AD5FFE721
:105210009DF80C000006002804D5FFE7059803F070
:105220001FFB0FE09DF81000400600280AD5FFE79D
:105230009DF80C004006002804D5FFE7059803F010
:1052400077F9FFE706B080BD80B582B00090009886
:1052500020B9FFE701208DF807003EE00098806943
:1052600008B1FFE700E0FFE7009890F8390040B987
:10527000FFE70099002081F83800009800F032F82C
:10528000FFE70099242081F8390000980168C86878
:1052900020F40050C860009803F0D6F90098016827
:1052A000086920F49040086100980168486920F07E
:1052B0002A00486100980168C86840F40050C8603E
:1052C00000990020C863009A202182F83910009AC2
:1052D00082F83A108DF80700FFE79DF8070002B04A
:1052E00080BD000080B5A2B02190002020901F90CA
:1052F0001E901D902198006844F60041C4F2000100
:10530000884243D1FFE7FFE741F21C00C4F20200EC
:10531000016841F400210160006800F400201C9045
:105320001C98FFE7FFE741F21800C4F20200016891
:1053300041F010010160006800F010001B901B9804
:10534000FFE74FF480601D90022010901E90032014
:10535000209041F20000C4F201000E901DA90F91AF
:10536000FCF74CFD0E980F994FF400621D9200223D
:105370001E921F92FCF742FD109A342011900121D9
:10538000FDF7F8FD1198FDF7EBFD3FE1219800686E
:1053900045F20001C4F20001884253D1FFE7FFE764
:1053A00041F21C00C4F20200016841F48011016066
:1053B000006800F480101A901A98FFE7FFE741F2A6
:1053C0001800C4F20200016841F010010160006899
:1053D00000F0100019901998FFE7FFE741F218005C
:1053E000C4F20200016841F020010160006800F091
:1053F000200018901898FFE74FF480501D9002206D
:105400000C901E900320209041F20000C4F2010095
:105410001DA90B91FCF7F2FC0B9904201D900020B4
:105420001E901F9041F20040C4F20100FCF7E6FC20
:105430000C9A35200D900121FDF79CFD0D98FDF78C
:105440008FFDE2E02198006843F60001C4F20101FB
:10545000884242D1FFE7FFE741F21800C4F20200A0
:10546000016841F480410160006800F480401790B9
:105470001798FFE7FFE741F21800C4F20200016845
:1054800041F004010160006800F0040016901698D5
:10549000FFE74FF400701D9002201E900320209023
:1054A00040F60000C4F2010008901DA90991FCF724
:1054B000A5FC089809994FF480621D9200221E9263
:1054C0001F92FCF79BFC25200A9001221146FDF754
:1054D00051FD0A98FDF744FD96E02198006844F2DA
:1054E0000041C4F20001884240D1FFE7FFE741F2EA
:1054F0001C00C4F20200016841F400310160006840
:1055000000F4003015901598FFE7FFE741F218000E
:10551000C4F20200016841F004010160006800F07B
:10552000040014901498FFE704201D9002201E90A0
:105530000320209040F60000C4F2010005901DA950
:105540000691FCF75BFC0598069908221D92002243
:105550001E921F92FCF752FC262007900122114652
:10556000FDF708FD0798FDF7FBFC4CE0219800686B
:1055700044F60001C4F20001884243D1FFE7FFE78F
:1055800041F21C00C4F20200016841F48021016074
:10559000006800F4802013901398FFE7FFE741F2C2
:1055A0001800C4F20200016841F0080101600068BF
:1055B00000F0080012901298FFE74FF480601D90F1
:1055C00002201E900320209040F60040C4F201000B
:1055D00001901DA90291FCF711FC019802994FF46A
:1055E00000621D92002203921E921F92FCF706FC9D
:1055F000039A272004900121FDF7BCFC0498FDF7D5
:10560000AFFCFFE7FFE7FFE7FFE7FFE722B080BD62
:1056100084B002900191ADF80220029890F83A000F
:1056200020284AD1FFE7019820B1FFE7BDF802002A
:1056300020B9FFE701208DF80F0042E0FFE7029854
:1056400090F83800012804D1FFE702208DF80F0000
:1056500037E00299012081F83800FFE7FFE7019861
:1056600002998862BDF8020002998885BDF802009F
:105670000299C88502990020C8630299222081F806
:105680003A00FFE70299002081F83800FFE702980E
:105690000168C86840F48070C86002980168486971
:1056A00040F00100486102980168C86840F020009D
:1056B000C86000208DF80F0003E002208DF80F0075
:1056C000FFE79DF80F0004B07047000080B582B07E
:1056D0000190019840F26D11C2F200010122FFF722
:1056E00097FF0198006843F60001C4F20101884267
:1056F0000ED1FFE740F29410C2F20000D0F8B420BF
:1057000040F26D10C2F200000178002090475FE087
:105710000198006844F20041C4F2000188420ED1B1
:10572000FFE740F29410C2F20000D0F8C82140F226
:105730006D10C2F2000001780120904747E0019807
:10574000006844F60001C4F2000188420ED1FFE770
:1057500040F29410C2F20000D0F8DC2240F26D104A
:10576000C2F200000178022090472FE00198006803
:1057700044F60041C4F2000188420ED1FFE740F236
:105780009410C2F20000D0F8F02340F26D10C2F283
:10579000000001780320904717E00198006845F267
:1057A0000001C4F2000188420ED1FFE740F29410DC
:1057B000C2F20000D0F8042540F26D10C2F20000E1
:1057C000017804209047FFE7FFE7FFE7FFE7FFE7E7
:1057D00002B080BD80B588B006900591ADF812206A
:1057E000039300200190069890F83900202840F09B
:1057F0009980FFE7059820B1FFE7BDF8120020B9B6
:10580000FFE701208DF81F0090E0FFE7069890F871
:105810003800012804D1FFE702208DF81F0085E041
:105820000699012081F83800FFE7FFE7069900207C
:10583000C8630699212081F83900FCF7BDFC01906E
:10584000BDF8120006998884BDF812000699C88434
:10585000FFE70698C08C002847D0FFE70699C88C60
:105860000138C88406988068B0F5805F25D1FFE7CD
:105870000698019B03996A4611608021002203F07B
:105880003FF820B1FFE703208DF81F004EE0059898
:105890000290029800886FF35F20069909684860BB
:1058A0000698006920B9FFE705980230059003E0EB
:1058B000059801300590FFE716E00698019B0399D3
:1058C0006A4611608021002203F01AF820B1FFE738
:1058D00003208DF81F0029E00598411C05910078F0
:1058E000069909684860FFE7B3E70698019B0399AA
:1058F0006A4611604021002203F002F820B1FFE760
:1059000003208DF81F0011E00699202081F839004E
:10591000FFE70699002081F83800FFE700208DF8A6
:105920001F0003E002208DF81F00FFE79DF81F0015
:1059300008B080BD84B002900191ADF802200298B9
:1059400090F8390020283ED1FFE7019820B1FFE709
:10595000BDF8020020B9FFE701208DF80F0036E006
:10596000FFE7029890F83800012804D1FFE70220F1
:105970008DF80F002BE00299012081F83800FFE735
:10598000FFE7019802990862BDF802000299888435
:10599000BDF802000299C88402990020C8630299E8
:1059A000212081F83900FFE70299002081F83800B2
:1059B000FFE702980168C86840F08000C8600020D6
:1059C0008DF80F0003E002208DF80F00FFE79DF82F
:1059D0000F0004B07047000080B582B001900198BC
:1059E000006843F60001C4F20101884207D1FFE7D5
:1059F00040F29410C2F2000004F0D4FF4EE001988F
:105A0000006844F20041C4F2000188420CD1FFE773
:105A100040F29410C2F2000000F58A7004F0C2FF58
:105A2000002004F0AFFC38E00198006844F6000163
:105A3000C4F20001884209D1FFE740F29410C2F29B
:105A4000000000F50A7004F0ADFF25E00198006841
:105A500044F60041C4F20001884209D1FFE740F258
:105A60009410C2F2000000F54F7004F09BFF12E0AA
:105A70000198006845F20001C4F20001884209D192
:105A8000FFE740F29410C2F2000000F58A6004F0D3
:105A900089FFFFE7FFE7FFE7FFE7FFE702B080BD11
:105AA000FFE7FEE780B541F26440C2F20000FCF778
:105AB00095FB80BD80B582B001900198406A00904E
:105AC00000980168086820F4806008600099002050
:105AD00048850099496B48630099896B4863009831
:105AE00090F83D00602814D1FFE70099202081F84C
:105AF0003D000099002081F83E000099086400985C
:105B00000168086820F0010008600098FCF75AFB63
:105B100011E00099202081F83D000099002081F8D3
:105B20003E0000980168086820F0010008600098B5
:105B3000FCF786FCFFE702B080BD000080B582B0B4
:105B40000190019890F83D0000900098292804D019
:105B5000FFE700982A2808D1FFE701990020086391
:105B60000199282081F83D001AE0019890F83D0045
:105B700060280ED0FFE701980068406800F40060DC
:105B8000B0F5006F05D0FFE70199202081F83D00B6
:105B9000FFE7019900200863019981F83E00FFE7C3
:105BA00001980168086820F40060086001980068A6
:105BB0004068000500285BD5FFE701980168486848
:105BC00020F4006048600198406B90F821000128A3
:105BD0001DD0FFE70198416B45F6B520C0F60000E7
:105BE00048630198406BFBF723FE78B1FFE701980B
:105BF0000168086820F0010008600199202081F800
:105C00003D000198406B416B8847FFE72FE001980A
:105C1000816B45F6B520C0F6000048630198806BA3
:105C2000FBF706FE10B3FFE701980068406900F03B
:105C300040010120B0EB911F09D1FFE701980068F6
:105C40000069019B596A4A1C5A620870FFE7019873
:105C50000168086820F0010008600199202081F89F
:105C60003D000198806B416B8847FFE7FFE741E00B
:105C7000019890F83D00602824D1FFE70199202089
:105C800081F83D000199002008640198006840698E
:105C900000F040010120B0EB911F09D1FFE701980E
:105CA00000680069019B596A4A1C5A620870FFE744
:105CB00001980168086820F0010008600198FCF76D
:105CC00081FA16E001980068406900F04001012067
:105CD000B0EB911F09D1FFE7019800680069019BB3
:105CE000596A4A1C5A620870FFE70198FCF7A8FB42
:105CF000FFE7FFE7019890F83D00282819D1FFE75A
:105D00000198006C4007002813D5FFE70199002097
:105D1000CFF6FF70C862019900200863019A202124
:105D200082F83D10019981F83E000198FCF7ACFC27
:105D3000FFE702B080BD000082B0009000980068CC
:105D4000406900F480610120B0EB912F19D1FFE789
:105D5000009801686FF4806048610099042008642D
:105D60000099002008630099202081F83D00FFE79A
:105D70000099002081F83C00FFE701208DF8070022
:105D800003E000208DF80700FFE79DF8070002B050
:105D90007047000080B582B001900198C06A009001
:105DA0000198408D032821D1FFE70098042809D0ED
:105DB000FFE70098082805D0FFE7009810F5803F1E
:105DC00007D1FFE701980168086820F48060086047
:105DD000FFE7019800680069019B596A4A1C5A62F2
:105DE00008700199488D013848857BE00198408D05
:105DF000022869D1FFE70098042822D0FFE7009825
:105E000008281ED0FFE7009810F5803F19D0FFE763
:105E10000098022807D0FFE701980168086820F47D
:105E20008060086006E001980168086840F48060BE
:105E30000860FFE701980168486820F440704860F6
:105E40000CE001980168486820F4407048600198AF
:105E50000168086840F400700860FFE70198006876
:105E60000069019B596A4A1C5A6208700199488D61
:105E700001384885019800680069019B596A4A1CED
:105E80005A6208700199488D01384885019920208F
:105E900081F83D00019900200863019890F83E00C8
:105EA000402808D1FFE70199002081F83E000198C1
:105EB000FCF7F6FB07E00199002081F83E0001980D
:105EC000FCF7E6FBFFE70CE0019800680069019B26
:105ED000596A4A1C5A6208700199488D01384885F0
:105EE000FFE7FFE7002002B080BD000080B582B070
:105EF0000190019890F83D00222840F08480FFE74F
:105F0000002000900198408D0090009804280DD347
:105F1000FFE7019800680069019B596A4A1C5A62B0
:105F200008700199488D013848856BE00098022877
:105F300004D0FFE70098032820D1FFE70198C06A4A
:105F400002280DD0FFE701980168086820F48060FE
:105F5000086001980168086840F40060086006E085
:105F600001980168086840F480600860FFE70198C4
:105F70000168486820F48060486042E00198C06A87
:105F8000022807D0FFE701980168086820F48060C4
:105F9000086006E001980168086840F480600860C5
:105FA000FFE701980168486820F4E06048600198C4
:105FB00000680069019B596A4A1C5A62087001997D
:105FC000488D013848850199202081F83D000199CC
:105FD00000200863019890F83E00402808D1FFE7B0
:105FE0000199002081F83E000198FCF759FB07E079
:105FF0000199002081F83E000198FCF749FBFFE77A
:10600000FFE7FFE7FFE7002002B080BD80B582B068
:1060100001900198C06A0090019890F83D002128F5
:106020005FD1FFE70198408D68B1FFE7019A506AA0
:10603000411C516200780199096808610199488DF5
:10604000013848854CE0009804281ED0FFE70098EE
:1060500008281AD0FFE7009810F5803F15D0FFE719
:1060600001980168486820F4E060486001991120B7
:1060700008630199002081F83E000199202081F8F1
:106080003D000198FCF708FB29E001980168486889
:1060900020F4E060486001980168086840F40070EE
:1060A00008600199002008630199202081F83D00D3
:1060B000019890F83E00402808D1FFE701990020A0
:1060C00081F83E000198FCF7F9FA07E001990020F9
:1060D00081F83E000198FCF7DFFAFFE7FFE7FFE7F2
:1060E000FFE7002002B080BD80B584B00390039824
:1060F00090F83D000290039890F83E0001900398BC
:10610000C06A00900398008D002851D1FFE70298E3
:1061100021284DD1FFE7009804281ED0FFE7009802
:1061200008281AD0FFE7009810F5803F15D0FFE748
:1061300003980168486820F4E060486003991120E2
:1061400008630399002081F83E000399202081F81C
:106150003D000398FCF7A0FA29E00398016848681D
:1061600020F4E060486003980168086840F400701B
:1061700008600399002008630399202081F83D00FE
:10618000039890F83E00402808D1FFE703990020CB
:1061900081F83E000398FCF791FA07E0039900208C
:1061A00081F83E000398FCF777FAFFE7FFE788E005
:1061B0000298212809D0FFE70198402840F080800C
:1061C000FFE7029822287BD1FFE70398408D38B97A
:1061D000FFE703980168486820F4806048606EE03B
:1061E000039890F83E0040285BD1FFE70398006DCC
:1061F000E8B9FFE70398C06C01280BD1FFE70398CB
:10620000806CC0B20399096808610399086D023077
:1062100008650BE00398806C80B2000A0399096856
:1062200008610399086D01300865FFE738E00398BD
:10623000006D01280BD1FFE70398806CC0B2039971
:10624000096808610399086D0130086527E0039823
:10625000006D022822D1FFE7039890F83D00222824
:1062600007D1FFE703980168086840F48070086070
:1062700013E0039890F83D0021280DD1FFE7039A21
:10628000506A411C516200780399096808610399BA
:10629000488D01384885FFE7FFE7FFE7FFE7FFE7A5
:1062A0000CE0039A506A411C516200780399096816
:1062B00008610399488D01384885FFE7FFE7FFE74C
:1062C000FFE7002004B080BD81B000900098406CD2
:1062D000C0B2009909680861002001B07047000051
:1062E0008FB00E900E9890F83E000D900E98C06AF8
:1062F0000C900E98006B0B900E9890F83D002228A1
:1063000040F04C81FFE70E98006D90B9FFE70D98C3
:1063100040280ED1FFE7FFE700200A900E980068A2
:1063200040690A900E98006880690A900A98FFE711
:1063300033E10E98006DF0B9FFE70E980069B0F5F3
:10634000404F18D1FFE7FFE7002009900E98006842
:10635000406909900E980068806909900998FFE7E4
:106360000E980168086840F4807008600E99086D06
:106370000130086510E10E98408DA0B9FFE7FFE7F6
:10638000002008900E980068406908900E980068F8
:10639000806908900898FFE70E980168086840F443
:1063A00000700860F4E00E98408D012840F0858070
:1063B000FFE70C9810F5803F36D1FFE70E98016893
:1063C000086820F4806008600E9800684068000546
:1063D000002814D5FFE70E980168086820F4806053
:1063E0000860FFE7002007900E980068406907905A
:1063F0000E980068806907900798FFE713E0FFE7B1
:10640000002006900E980068406906900E9800687B
:10641000806906900698FFE70E980168086840F4C6
:1064200000700860FFE747E00C98042829D0FFE7D8
:106430000C98082825D0FFE70B98122821D0FFE7F9
:106440000E98C06A022807D0FFE70E980168086816
:1064500020F48060086006E00E980168086840F447
:1064600080600860FFE7FFE7002005900E98006855
:10647000406905900E980068806905900598FFE7CF
:1064800019E00E980168086820F480600860FFE752
:10649000002004900E980068406904900E980068EF
:1064A000806904900498FFE70E980168086840F43A
:1064B00000700860FFE7FFE769E00E98408D022852
:1064C00042D1FFE70E98C06A02281AD0FFE70E9863
:1064D0000168086840F400600860FFE7002003904E
:1064E0000E980068406903900E98006880690390D8
:1064F0000398FFE70E980168086820F48060086040
:1065000013E00E980168086840F480600860FFE7B7
:10651000002002900E980068406902900E98006872
:10652000806902900298FFE7FFE70E9800684068D4
:106530000005002807D5FFE70E980168486840F479
:1065400080504860FFE721E00E980168086840F439
:10655000806008600E98006840680005002807D534
:10656000FFE70E980168486840F480504860FFE7F4
:10657000FFE7002001900E980068406901900E9896
:106580000068806901900198FFE7FFE7FFE7FFE7F8
:106590000E9900200865FFE7FFE70DE0FFE7002008
:1065A00000900E980068406900900E98006880691D
:1065B00000900098FFE7FFE700200FB07047000051
:1065C00081B00090009890F83E00402816D1FFE777
:1065D0000098006D40B9FFE70098406C00F0FE00A5
:1065E00000990968086108E00098406C40F00100DB
:1065F000C0B2009909680861FFE73DE000980069B2
:10660000B0F5804F18D1FFE7009890F83D002128A1
:1066100008D1FFE70098406C00F0FE00009909687F
:10662000086108E00098406C40F00100C0B2009999
:1066300009680861FFE71EE00098006D50B9FFE7A8
:106640000098406C00F44070C009F030009909686F
:1066500008610FE00098006D01280AD1FFE700985B
:10666000406C00F44070C009F1300099096808617D
:10667000FFE7FFE7FFE7FFE7002001B070470000FA
:1066800080B586B0DDF824C0DDF820C00490ADF8F8
:106690000E10ADF80C20ADF80A30049801680868B7
:1066A00040F48060086004980168086840F48070D5
:1066B00008600498089B09996A4611604FF001111F
:1066C000002200F03FFB20B1FFE703208DF8170008
:1066D000C6E0BDF80E0000F0FE00049909680861EC
:1066E0000498089A099B0221C0F2010100F088FB7E
:1066F00068B1FFE70498006C042804D1FFE701208B
:106700008DF81700ACE003208DF81700A8E0FFE734
:106710000020019004980068406901900498006886
:10672000806901900198FFE704980899099A00F0A0
:106730003DFC98B1FFE70498006C04280AD1FFE7FC
:1067400004980168086840F40070086001208DF822
:10675000170085E003208DF8170081E0BDF80A00DE
:10676000012806D1FFE79DF80C000499096808612B
:1067700024E09DF80D0004990968086104980899BF
:10678000099A00F013FC98B1FFE70498006C042804
:106790000AD1FFE704980168086840F400700860B7
:1067A00001208DF817005BE003208DF8170057E0FB
:1067B0009DF80C00049909680861FFE7049808999E
:1067C000099A00F0F3FB98B1FFE70498006C0428E5
:1067D0000AD1FFE704980168086840F40070086077
:1067E00001208DF817003BE003208DF8170037E0FB
:1067F00004980168086840F4807008600498089B59
:1068000009996A4611604FF00111002200F09AFACE
:1068100020B1FFE703208DF8170021E09DF80E005E
:1068200040F001000499096808610498089A099BDE
:106830000221C0F2010100F0E3FA68B1FFE7049819
:10684000006C042804D1FFE701208DF8170007E051
:1068500003208DF8170003E000208DF81700FFE7F4
:106860009DF8170006B080BD80B586B0DDF824C065
:10687000DDF820C00490ADF80E10ADF80C20ADF896
:106880000A3004980168086840F480700860049831
:10689000089B09996A4611604FF00111002200F02F
:1068A00051FA20B1FFE703208DF8170078E0BDF81A
:1068B0000E0000F0FE000499096808610498089A27
:1068C000099B0221C0F2010100F09AFA68B1FFE7CA
:1068D0000498006C042804D1FFE701208DF817000C
:1068E0005EE003208DF817005AE0FFE700200190DA
:1068F00004980068406901900498006880690190DC
:106900000198FFE704980899099A00F04FFB98B1A5
:10691000FFE70498006C04280AD1FFE70498016897
:10692000086840F40070086001208DF8170037E017
:1069300003208DF8170033E0BDF80A00012806D1C6
:10694000FFE79DF80C0004990968086124E09DF8B0
:106950000D0004990968086104980899099A00F0E3
:1069600025FB98B1FFE70498006C04280AD1FFE7E3
:1069700004980168086840F40070086001208DF8F0
:1069800017000DE003208DF8170009E09DF80C00BA
:10699000049909680861FFE700208DF81700FFE7F8
:1069A0009DF8170006B080BD81B000900098408D22
:1069B00068B1FFE7009800680069009B596A4A1CAB
:1069C0005A6208700099488D01384885FFE7002019
:1069D00001B0704780B582B00190019890F83D00F9
:1069E00000900198408D30B3FFE70198006800697E
:1069F000019B596A4A1C5A6208700199488D0138F6
:106A000048850198408DA8B9FFE700982A2811D140
:106A1000FFE701980168486820F4806048600199A8
:106A2000222008630199282081F83D000198FCF795
:106A300001FAFFE7FFE7002002B080BD81B00090BF
:106A40000098408D68B1FFE7009A506A411C51627E
:106A500000780099096808610099488D01384885D7
:106A6000FFE7002001B0704780B582B00190019827
:106A700090F83D0000900198408D30B3FFE7019AF7
:106A8000506A411C516200780199096808610199B6
:106A9000488D013848850198408DA8B9FFE70098D6
:106AA000292811D1FFE701980168486820F4806027
:106AB00048600199212008630199282081F83D0050
:106AC0000198FCF7BBF9FFE7FFE7002002B080BDAB
:106AD00080B582B0019000208DF80300ADF8000071
:106AE00001990968896901F00401B0EB910F04D1A3
:106AF000FFE701208DF80300FFE701980068806937
:106B0000C1B20020B0EBD11F05D1FFE70198C068EA
:106B1000ADF8000004E001988069ADF80000FFE7DF
:106B200001989DF80310BDF80020FBF74FFB0020F3
:106B300002B080BD80B584B00390039890F83D000A
:106B4000029003980168486820F4E0604860FFE71D
:106B50000020019003980068406901900398016843
:106B6000086840F0010008600198FFE70398016899
:106B7000086820F480600860039800684068000599
:106B800000281BD5FFE7039890F83D00222806D087
:106B9000FFE7039890F83D002A2807D1FFE7039804
:106BA000806B006840680399488506E00398406B55
:106BB0000068406803994885FFE7FFE70398408D28
:106BC000A0B3FFE703980068406900F004010120CA
:106BD000B0EB910F0DD1FFE7039800680069039BAC
:106BE000596A4A1C5A6208700399488D01384885D1
:106BF000FFE703980068406900F040010120B0EB16
:106C0000911F0DD1FFE7039800680069039B596A43
:106C10004A1C5A6208700399488D01384885FFE77D
:106C20000399086C40F004000864FFE70398006CC7
:106C300020B1FFE70398FEF781FF37E0029828288C
:106C400008D0FFE702982A2804D0FFE702982928F5
:106C500013D1FFE703990020CFF6FF70C8620399B4
:106C600000200863039A202182F83D10039981F8DF
:106C70003E000398FBF708FD17E00398006B2228FD
:106C800004D0FFE7029822280ED1FFE703990020E5
:106C90000863039A202182F83D10039981F83E0091
:106CA0000398FCF7C7F8FFE7FFE7FFE7002004B011
:106CB00080BD000080B584B0029001910092FFE792
:106CC00002980068406900F004010020B0EB910FC9
:106CD00030D1FFE70298FFF72FF820B1FFE701203E
:106CE0008DF80F002AE00198013010B3FFE70198FA
:106CF00040B1FFE7FBF760FA0099401A019988421A
:106D000016D9FFE70299086C40F020000864029948
:106D1000002008630299202081F83D00FFE70299D6
:106D2000002081F83C00FFE703208DF80F0005E00C
:106D3000FFE7C5E700208DF80F00FFE79DF80F0083
:106D400004B080BD80B586B0DDF820C0049003910A
:106D50008DF80B200193FFE79DF80E0001280CD160
:106D6000FFE7049800684069BDF80C100840401A1D
:106D7000B0FA80F0400900900BE004980068806948
:106D8000BDF80C100840401AB0FA80F0400900909D
:106D9000FFE70098002818BF01209DF80B108842DB
:106DA00025D1FFE70198013000B3FFE7019840B11A
:106DB000FFE7FBF701FA0899401A0199884214D9B4
:106DC000FFE7049900200863049A202182F83D100F
:106DD000049981F83E00FFE70499002081F83C0007
:106DE000FFE703208DF8170005E0FFE7B4E7002078
:106DF0008DF81700FFE79DF8170006B080BD000072
:106E000080B586B00490039102920193FFE79DF84C
:106E10000E0001280CD1FFE7049800684069BDF816
:106E20000C100840401AB0FA80F0400900900BE0C6
:106E3000049800688069BDF80C100840401AB0FA48
:106E400080F040090090FFE7009800284BD1FFE751
:106E500004980068406900F480610120B0EB912F34
:106E60001FD1FFE704980168086840F400700860CB
:106E7000049801686FF480604861049904200864F4
:106E80000499002008630499202081F83D00FFE761
:106E90000499002081F83C00FFE701208DF81700DD
:106EA00025E002980130E8B1FFE7029840B1FFE722
:106EB000FBF782F90199401A0299884211D9FFE73C
:106EC0000499002008630499202081F83D00FFE721
:106ED0000499002081F83C00FFE703208DF817009B
:106EE00005E0FFE793E700208DF81700FFE79DF826
:106EF000170006B080BD000080B584B002900191FB
:106F00000092FFE702980068406900F0400100200D
:106F1000B0EB911F41D1FFE702980068406900F093
:106F200010010120B0EB111F18D1FFE70298016892
:106F30006FF010004861029900200864029908630C
:106F40000299202081F83D00FFE70299002081F896
:106F50003C00FFE701208DF80F0022E0019840B1CE
:106F6000FFE7FBF729F90099401A0199884213D9E4
:106F7000FFE70299086C40F0200008640299202085
:106F800081F83D00FFE70299002081F83C00FFE70F
:106F900003208DF80F0004E0B4E700208DF80F0007
:106FA000FFE79DF80F0004B080BD000080B584B0FD
:106FB000029001910092FFE7029800684069C1B217
:106FC0000020B0EBD11F30D1FFE70298FEF7B4FEEE
:106FD00020B1FFE701208DF80F002AE00198013071
:106FE00010B3FFE7019840B1FFE7FBF7E5F8009920
:106FF000401A0199884216D9FFE70299086C40F0BF
:10700000200008640299002008630299202081F87A
:107010003D00FFE70299002081F83C00FFE70320D4
:107020008DF80F0005E0FFE7C6E700208DF80F00A0
:10703000FFE79DF80F0004B080BD000080B582B06E
:1070400041F23C40C2F20000009046F20041C4F21E
:10705000000101603C214160002101918160C1601B
:107060004FF4003202614FF48012426101764176A2
:107070008176C17601774177FAF738FA18B1FFE7E0
:10708000F9F73CFFFFE702B080BD000080B5A4B077
:1070900000202390229021902090FFE741F21800D9
:1070A000C4F20200016841F040010160006800F094
:1070B00040001F901F98FFE7FFE741F21800C4F25D
:1070C0000200016841F010010160006800F010004A
:1070D0001E901E98FFE7FFE741F21800C4F202007D
:1070E000016841F080010160006800F080001D909F
:1070F0001D98FFE7FFE741F21800C4F202000168A3
:1071000041F004010160006800F004001C901C982C
:10711000FFE7FFE741F21800C4F20200016841F006
:1071200008010160006800F008001B901B98FFE751
:10713000FFE741F21800C4F20200016841F48071D7
:107140000160006800F480701A901A98FFE7FFE76A
:1071500041F21800C4F20200016841F02001016010
:10716000006800F0200019901998FFE741F6000030
:10717000C4F2010001904FF6FF71039100221692B4
:10718000FBF702F80399169A41F60040C4F2010099
:107190000290FAF7F9FF169A41F20000C4F20100DA
:1071A00004902F210591FAF7EFFF169A40F60000A0
:1071B000C4F201000C9002210991FAF7E5FF169A3A
:1071C00040F60040C4F20100069041F2020107912E
:1071D000FAF7DAFF169A42F20000C4F201000B90AF
:1071E00040F2FB110891FAF7CFFF169A41F20040E6
:1071F000C4F201000E904FF47F410A91FAF7C4FFE8
:107200000198039B0999169A2093012317932193C0
:107210002292239120A90F91FAF7F0FD0298099A82
:107220000F99169BDDF85CC0DDF80CE0CDF880E02E
:10723000CDF884C022932392FAF7E0FD0498099ACE
:107240000F99169BDDF85CC0DDF814E0CDF880E006
:10725000CDF884C022932392FAF7D0FD099A0C98B6
:107260000F99169BDDF85CC02092CDF884C0229364
:107270002392FAF7C3FD0698099A0F99169BDDF839
:107280005CC0DDF81CE0CDF880E0CDF884C022932E
:107290002392FAF7B3FD099A0B980F99169BDDF824
:1072A0005CC0DDF820E0CDF880E0CDF884C022930A
:1072B0002392FAF7A3FD099A0E980F99169BDDF811
:1072C0005CC0DDF828E0CDF880E0CDF884C02293E2
:1072D0002392FAF793FD0B980F99169A4FF60463D1
:1072E00020930023C1F231030D9321932292FAF7E8
:1072F00085FD0C980D9B0F99169A4FF4807CCDF864
:1073000080C021932292FAF779FD0D9B0E980F9978
:10731000169A4FF0FB0CCDF880C021932292FAF719
:107320006DFD1699179A06201090FBF723FE109812
:10733000FBF716FE1699179A07201190FBF71AFE15
:107340001198FBF70DFE1699179A08201290FBF77B
:1073500011FE1298FBF704FE1699179A0920139054
:10736000FBF708FE1398FBF7FBFD1699179A0A2006
:107370001490FBF7FFFD1498FBF7F2FD1699179A8E
:1073800017201590FBF7F6FD1598FBF7E9FD169908
:10739000179A28201890FBF7EDFD1898FBF7E0FDF1
:1073A00024B080BD80B582B041F26440C2F20000DA
:1073B000019045F20041C4F20001016048F2A06171
:1073C000C0F201014160002181601422C2604FF4CB
:1073D0008042026141618161C1610162FBF734F861
:1073E00018B1FFE7F9F78AFDFFE702B080BD0000A2
:1073F00080B582B041F2B840C2F20000019043F67D
:107400000001C4F2000101604FF48271416000216B
:107410008160C160016141614FF400728261C161AC
:10742000016241624FF4005181620A21C162FCF79E
:10743000D7FA18B1FFE7F9F761FDFFE702B080BDA9
:1074400080B541F21050C2F2000045F20001C4F2D2
:107450000101016047214160002181600322C26077
:1074600001618161FCF7F2FF18B1FFE7F9F746FD12
:10747000FFE780BD80B541F25050C2F2000045F2F6
:107480000041C4F201010160472141600021816097
:107490000322C26001618161FCF7D8FF18B1FFE7E8
:1074A000F9F72CFDFFE780BD80B584B00021039182
:1074B00002910191009141F29050C2F2000041F618
:1074C0000002C4F20002026047224260816003228F
:1074D000C26001618161FCF7B9FF18B1FFE7F9F7FC
:1074E0000DFDFFE74FF48050009041F29050C2F242
:1074F00000006946FDF784F918B1FFE7F9F7FEFCD3
:10750000FFE704B080BD000080B541F2D050C2F268
:10751000000041F60041C4F20001016047214160D2
:10752000002181600322C26001618161FCF78EFF4E
:1075300018B1FFE7F9F7E2FCFFE780BD80B541F243
:107540001060C2F2000042F20001C4F200010160CA
:1075500047214160002181600322C2600161816195
:10756000FCF774FF18B1FFE7F9F7C8FCFFE780BD2F
:1075700080B58AB000210091099108910791069188
:107580000591049103910291019141F25060C2F280
:10759000000040F20042C4F2000202604722426052
:1075A00081606322C26001618161FDF733FC18B123
:1075B000FFE7F9F7A3FCFFE700200890099041F2EC
:1075C0005060C2F2000008A9FCF7FCFE18B1FFE70A
:1075D000F9F794FCFFE760200190002202920392E9
:1075E000059241F25060C2F2000001A9FDF770FB64
:1075F00018B1FFE7F9F782FCFFE741F25060C2F2F1
:10760000000001A90422FDF763FB18B1FFE7F9F7B9
:1076100075FCFFE741F25060C2F2000001A90822A8
:10762000FDF756FB18B1FFE7F9F768FCFFE741F2F9
:107630005060C2F2000001A90C22FDF749FB18B10D
:10764000FFE7F9F75BFCFFE741F25060C2F2000090
:10765000FDF7F4FA0AB080BD80B588B00021019131
:1076600007910691059104910391029141F2906076
:10767000C2F2000040F60042C4F20002026047225B
:10768000426081600322C26001618161FCF7DEFE1D
:1076900018B1FFE7F9F732FCFFE74FF48050049090
:1076A00041F29060C2F2000004A9FDF7A9F818B1F8
:1076B000FFE7F9F723FCFFE700200290039041F277
:1076C0009060C2F2000002A9FCF77CFE18B1FFE74F
:1076D000F9F714FCFFE708B080BD000080B582B068
:1076E00000210191009141F2D060C2F2000041F20C
:1076F0000002C4F20002026047224260816003225D
:10770000C2608161FCF7A2FE18B1FFE7F9F7F6FB52
:10771000FFE700200090019041F2D060C2F200002B
:107720006946FCF74FFE18B1FFE7F9F7E7FBFFE703
:1077300002B080BD80B582B000210191009141F27C
:107740001070C2F2000041F20042C4F20002026076
:107750004722426081600322C2608161FCF776FEAD
:1077600018B1FFE7F9F7CAFBFFE70020009001908E
:1077700041F21070C2F200006946FCF723FE18B116
:10778000FFE7F9F7BBFBFFE702B080BD80B588B02B
:1077900000210091079106910591049103910291B6
:1077A00041F25070C2F20000019043F20042C4F274
:1077B000010202604722426081600322C2600161CF
:1077C00041618161FCF742FE18B1FFE7F9F796FBD2
:1077D000FFE74FF48050049041F25070C2F2000075
:1077E00004A9FDF70DF818B1FFE7F9F787FBFFE7EC
:1077F00000200290039041F25070C2F2000002A9F2
:10780000FCF7E0FD18B1FFE7F9F778FBFFE708B0F8
:1078100080BD000080B584B00021039102910191E8
:10782000009141F29070C2F2000044F60042C4F2AE
:10783000010202604722426081600322C26001614E
:107840008161FCF703FE18B1FFE7F9F757FBFFE78B
:107850004FF48050009041F29070C2F200006946EF
:10786000FCF7CEFF18B1FFE7F9F748FBFFE704B0DC
:1078700080BD000080B582B041F69000C2F20000E9
:10788000019044F60041C4F2000101604FF4E1317F
:10789000416000218160C16001610C22426181610F
:1078A000C161FDF7D1FC18B1FFE7F9F727FBFFE74E
:1078B00002B080BD80B582B041F6D000C2F20000B7
:1078C000019045F20001C4F2000101604FF4E13182
:1078D000416000218160C16001610C2242618161CF
:1078E000C161FDF7B1FC18B1FFE7F9F707FBFFE74E
:1078F00002B080BD80B582B041F2D070C2F200000B
:10790000019043F60001C4F2010101604FF4E1313E
:10791000416000218160C16001610C22426181618E
:10792000C161FDF791FC18B1FFE7F9F7E7FAFFE74E
:1079300002B080BD80B582B041F61000C2F20000F6
:10794000019044F20041C4F2000101604FF416516D
:10795000416000218160C16001610C22426181614E
:10796000C161FDF771FC18B1FFE7F9F7C7FAFFE74E
:1079700002B080BD80B582B041F65000C2F2000076
:10798000019044F60001C4F2000101604FF4E131BE
:10799000416000218160C16001610C22426181610E
:1079A000C161FDF751FC18B1FFE7F9F7A7FAFFE74E
:1079B00002B080BDFFE7FEE77047000081B08DF8A0
:1079C00003009DF9031001F01F02012090404A09B5
:1079D0004EF20011CEF2000141F8220001B07047D2
:1079E00088B0079006910592079800F00700049070
:1079F0000498C0F10700052803D3FFE70420019095
:107A000004E00498C0F107000190FFE7019803909B
:107A100004980430062803D8FFE70020009003E014
:107A2000049803380090FFE70098029006980399A5
:107A3000012202FA01F101390840029B98400599A0
:107A40009A40013A1140084308B070474EF60C5076
:107A5000CEF200000068C0F30220704782B08DF8BB
:107A6000070000919DF90700B0F1FF3F0CDCFFE734
:107A7000009800019DF8071001F00F014EF6145216
:107A8000CEF20002885409E0009800019DF9071029
:107A90004EF20042CEF200028854FFE702B0704777
:107AA00083B00290029800F0070000904EF60C514F
:107AB000CEF200010868019001984FF6FF021040D5
:107AC00001900198009A40EA02200022C0F2FA5286
:107AD000104301900198086003B0704770470000A0
:107AE00082B00190019840F20001C2F200010968E1
:107AF000C90844F6D352C1F26202A1FB02218909EE
:107B000048430090FFE700BFFFE70098411E009147
:107B10000028F8D1FFE702B07047000080B586B0BA
:107B20000490039102920498039B02996A461160A3
:107B30008021002200F014F848B1FFE70499486D55
:107B400040F02000486503208DF8170003E0002076
:107B50008DF81700FFE79DF8170006B080BD000004
:107B600080B586B0DDF820C00490039102920193A5
:107B7000FFE704980068806803990840401AB0FA4B
:107B800080F040090299884255D0FFE70198013002
:107B900000284FD0FFE7019840B1FFE7FAF70CFB50
:107BA0000899401A0199884243D3FFE70498016875
:107BB000486820F0E000486004984068B0F5827F93
:107BC00013D1FFE704988068B0F5004F06D0FFE7B7
:107BD00004988068B0F5806F07D1FFE704980168CA
:107BE000086820F040000860FFE70498806AB0F55C
:107BF000005F10D1FFE7FFE70498016808684DF6C1
:107C0000FF721040086004980168086840F4005052
:107C10000860FFE7FFE70499012081F85100FFE7C2
:107C20000499002081F85000FFE703208DF8170029
:107C300005E0FFE79DE700208DF81700FFE79DF8BE
:107C4000170006B080BD00007047000080B582B00C
:107C5000009000980138B0F1807F03D3FFE7012046
:107C6000019019E0009801384EF21401CEF20001A3
:107C700008604FF0FF300F21FFF7F0FE4EF21801C1
:107C8000CEF20001002008604EF21002CEF2000297
:107C9000072111600190FFE7019802B080BD00004C
:107CA00080B5FBF7CFF880BD80B590B006A80090F6
:107CB0002821F8F760FA00980023059304930393B2
:107CC00002930193012206924FF4803107910893A9
:107CD0000A9202220D920E914FF4E0110F91FBF7E0
:107CE00067FB18B1FFE7F9F709F9FFE70F200190EB
:107CF00002210291002003904FF4806204920590CB
:107D000001A8FBF759F918B1FFE7F9F7F7F8FFE712
:107D100010B080BD41F20002C4F20202106840F0CF
:107D20000100106041F20401C4F20201086800235E
:107D3000CFF6FF031840086010684FF6FF73CFF6C8
:107D4000F66318401060106820F480201060086806
:107D500020F4FE00086041F20801C4F202014FF471
:107D60001F0008604EF60851CEF200014FF000608F
:107D70000860704780B541F29070C2F20000FCF7D5
:107D80001FFE80BD80B541F25050C2F20000FCF7EA
:107D900017FE80BD80B541F21050C2F20000FCF722
:107DA0000FFE80BD80B541F29060C2F20000FCF78A
:107DB00007FE80BD80B541F2D060C2F20000FCF742
:107DC000FFFD80BD80B541F21070C2F20000FCF7EB
:107DD000F7FD80BD80B541F25070C2F20000FCF7A3
:107DE000EFFD41F29050C2F20000FCF7E9FD80BDCA
:107DF00080B541F25070C2F20000FCF7E1FD41F2A3
:107E00001060C2F20000FCF7DBFD80BD80B541F2DE
:107E10005070C2F20000FCF7D3FD41F2D050C2F224
:107E20000000FCF7CDFD80BD83B0029001910020E1
:107E30000090029800680090029842F60041C4F257
:107E40000101884225D0FFE7029843F20041C4F2C5
:107E5000010188421DD0FFE70298B0F1804F18D091
:107E6000FFE7029840F20041C4F20001884210D0BE
:107E7000FFE7029840F60001C4F20001884208D0F2
:107E8000FFE7029840F60041C4F2000188420AD19F
:107E9000FFE7009820F0700000900198416800987A
:107EA00008430090FFE7029842F60041C4F2010146
:107EB000884255D0FFE7029843F20041C4F2010125
:107EC00088424DD0FFE70298B0F1804F48D0FFE7DD
:107ED000029840F20041C4F20001884240D0FFE71E
:107EE000029840F60001C4F20001884238D0FFE752
:107EF000029840F60041C4F20001884230D0FFE70A
:107F0000029844F60041C4F20101884228D0FFE7FC
:107F1000029845F20001C4F20101884220D0FFE737
:107F2000029845F20041C4F20101884218D0FFE7EF
:107F3000029841F60001C4F20001884210D0FFE728
:107F4000029841F60041C4F20001884208D0FFE7E0
:107F5000029842F20001C4F2000188420AD1FFE710
:107F6000009820F4407000900198C1680098084380
:107F70000090FFE7009820F0800000900198416990
:107F80000098084300900098029908600198806862
:107F90000299C8620198006802998862029842F6C4
:107FA0000041C4F20101884208D0FFE7029843F281
:107FB0000041C4F20101884205D1FFE70198006940
:107FC00002990863FFE702990120486103B07047F6
:107FD00084B0039002910192002000900299012048
:107FE00088400090009A0399086A904308620198BB
:107FF000029900FA01F20399086A1043086204B07A
:108000007047000085B00490039102920193002014
:108010000090049880680090009820F47F400090C1
:1080200003980299019A41EA02210143009808430A
:10803000009000980499886005B0704783B0029062
:10804000ADF806100020009002988068009000981B
:1080500020F070000090BDF806000099084340F041
:108060000700009000980299886003B070470000F4
:1080700085B0049003910020029001900090049933
:10808000086A20F0010008620498006A01900498D0
:1080900040680090049880690290029820F0700077
:1080A0000290029820F00300029003980168029861
:1080B00008430290019820F0020001900398816823
:1080C000019808430190049842F60041C4F201016E
:1080D000884208D0FFE7049843F20041C4F201014E
:1080E00088420ED1FFE7019820F008000190039824
:1080F000C168019808430190019820F004000190A4
:10810000FFE7049842F60041C4F20101884208D01A
:10811000FFE7049843F20041C4F20101884213D101
:10812000FFE7009820F480700090009820F4007021
:108130000090039841690098084300900398816972
:10814000009808430090FFE700980499486002985F
:1081500004998861039840680499486301980499D8
:10816000086205B07047000085B0049003910020BC
:108170000290019000900499086A20F010000862B3
:108180000498006A019004984068009004988069FF
:108190000290029820F4E0400290029820F440708F
:1081A000029003980168029840EA01200290019829
:1081B00020F02000019003988168019840EA0110A6
:1081C0000190049842F60041C4F20101884208D0AF
:1081D000FFE7049843F20041C4F2010188420FD145
:1081E000FFE7019820F0800001900398C168019892
:1081F00040EA01100190019820F040000190FFE753
:10820000049842F60041C4F20101884208D0FFE719
:10821000049843F20041C4F20101884215D1FFE7FE
:10822000009820F480600090009820F40060009096
:1082300003984169009840EA8100009003988169A1
:10824000009840EA81000090FFE700980499486098
:10825000029804998861039840680499886301989A
:108260000499086205B0704785B00490039100201E
:108270000290019000900499086A20F480700862CE
:108280000498006A01900498406800900498C069BE
:108290000290029820F070000290029820F00300F3
:1082A000029003980168029808430290019820F414
:1082B0000070019003988168019840EA01200190C4
:1082C000049842F60041C4F20101884208D0FFE759
:1082D000049843F20041C4F2010188420FD1FFE744
:1082E000019820F4006001900398C168019840EA69
:1082F00001200190019820F480600190FFE704982C
:1083000042F60041C4F20101884208D0FFE7049818
:1083100043F20041C4F20101884215D1FFE7009801
:1083200020F480500090009820F4005000900398B2
:108330004169009840EA0110009003988169009813
:1083400040EA01100090FFE7009804994860029805
:108350000499C861039840680499C8630198049916
:10836000086205B07047000085B0049003910020BA
:108370000290019000900499086A20F480500862ED
:108380000498006A01900498406800900498C069BD
:108390000290029820F4E0400290029820F440708D
:1083A000029003980168029840EA01200290019827
:1083B00020F40050019003988168019840EA013050
:1083C0000190049842F60041C4F20101884208D0AD
:1083D000FFE7049843F20041C4F2010188420BD147
:1083E000FFE7009820F480400090039841690098CE
:1083F00040EA81100090FFE70098049948600298D5
:108400000499C86103984068049908640198049924
:10841000086205B07047000085B004900391029295
:108420000020019000900498006A00900499086A66
:1084300020F001000862049880690190019820F002
:10844000F00001900299019840EA01100190009813
:1084500020F00A00009003990098084300900198CA
:108460000499886100980499086205B0704700007B
:1084700085B004900391029200200190009004992D
:10848000086A20F01000086204988069019004983E
:10849000006A0090019820F47040019002990198C0
:1084A00040EA01300190009820F0A000009003996C
:1084B000009840EA011000900198049988610098A2
:1084C0000499086205B0704780B541F69000C2F289
:1084D0000000FCF7BBFD80BD80B541F6D000C2F2C4
:1084E0000000FCF7B3FD80BD80B582B0019001981B
:1084F000406A009000990020C8850099C8840098BF
:10850000FCF7A0FD02B080BD81B00090009801682A
:10851000C86820F49070C86000980168486920F02D
:10852000010048610099202081F83A0001B07047AD
:1085300080B582B0019001980168C86820F04000C1
:10854000C8600199202081F839000198FDF744FAAC
:10855000002002B080BD000080B584B00290029877
:1085600090F83A00222866D1FFE702988068B0F5BB
:10857000805F1FD1FFE70298806A0190029800692E
:1085800060B9FFE70298006840686FF35F200199C7
:1085900008800299886A023088620AE002980068BE
:1085A0004068C0B2019908800299886A01308862E7
:1085B000FFE718E00298006948B9FFE702980068F1
:1085C0004068029B996A4A1C9A6208700AE0029805
:1085D0000068406800F07F00029B996A4A1C9A621A
:1085E0000870FFE7FFE70299C88D0138C8850004CD
:1085F000E8B9FFE702980168C86820F02000C86069
:1086000002980168C86820F48070C8600298016808
:10861000486920F0010048610299202081F83A0061
:108620000298FDF753F800208DF80F0007E00020B6
:108630008DF80F0003E002208DF80F00FFE79DF892
:108640000F0004B080BD0000B0B590B00F900020C6
:108650000E900F980068006920F440500F9A11683E
:10866000D268104308610F9988680A694969104304
:1086700001430E9808430E900F980068C06841F2BD
:108680000C6188430E9908430F990968C8600F98D8
:108690000068406920F440700F9A11689269104395
:1086A00048610F98006843F60001C4F20101884256
:1086B0006AD1FFE7FAF7F8FD1921099148430F99AC
:1086C00049688900B0FBF1F048F21F51C5F2EB1187
:1086D0000B91A0FB01016FF00F0000EA5100089020
:1086E000FAF7E2FD099948430F9949688900B0FB00
:1086F000F1F00790FAF7D8FDDDF81CC0099B0B9A42
:108700000146089859430F9B5B689B00B1FBF3F14E
:10871000A1FB0231490964230C9301FB13C33221ED
:108720000A9101EB0311A1FB0212F02101EA52119F
:1087300008440D90FAF7B8FD099948430F99496824
:108740008900B0FBF1F4FAF7AFFDDDF824C00A9A16
:108750000B9BDDF830E001460D9801FB0CFC0F9DF2
:1087600029686D68AD00BCFBF5FCACFB035C4FEA0F
:108770005C1C0CFB1E4C02EB0C12A2FB0332C2F37E
:1087800043121044886069E0FAF77CFD19210291D8
:1087900048430F9949688900B0FBF1F048F21F5136
:1087A000C5F2EB110491A0FB01016FF00F0000EA8C
:1087B00051000190FAF766FD029948430F99496804
:1087C0008900B0FBF1F00090FAF75CFDDDF800C025
:1087D000029B049A0146019859430F9B5B689B00DA
:1087E000B1FBF3F1A1FB023149096423059301FBBD
:1087F00013C33221039101EB0311A1FB0212F021FB
:1088000001EA521108440690FAF73CFD02994843E8
:108810000F9949688900B0FBF1F4FAF733FDDDF8F0
:1088200008C0039A049BDDF814E00146069801FB9A
:108830000CFC0F9D29686D68AD00BCFBF5FCACFB22
:10884000035C4FEA5C1C0CFB1E4C02EB0C12A2FBFF
:108850000332C2F3431210448860FFE710B0B0BD8A
:1088600083B00190019890F83900212840D1FFE7AA
:1088700001988068B0F5805F19D1FFE70198006A20
:108880000090009800886FF35F20019909684860A4
:108890000198006928B9FFE70199086A0230086267
:1088A00004E00199086A01300862FFE708E0019AD4
:1088B000106A411C11620078019909684860FFE75D
:1088C0000199C88C0138C884000468B9FFE7019891
:1088D0000168C86820F08000C86001980168C86815
:1088E00040F04000C860FFE700208DF80B0003E077
:1088F00002208DF80B00FFE79DF80B0003B07047D6
:1089000080B586B0DDF820C0049003918DF80B206F
:108910000193FFE704980068006803990840401A33
:10892000B0FA80F040099DF80B1088422ED1FFE785
:108930000898013048B3FFE7089840B1FFE7F9F71E
:108940003BFC0199401A089988421DD9FFE7049819
:108950000168C86820F4D070C8600498016848694C
:1089600020F0010048610499202081F83900049921
:1089700081F83A00FFE70499002081F83800FFE70A
:1089800003208DF8170005E0FFE7C3E700208DF80E
:108990001700FFE79DF8170006B080BD80B541F2D3
:1089A000D070C2F20000FCF751FB80BD80B541F6EB
:1089B0001000C2F20000FCF749FB80BD80B541F613
:1089C0005000C2F20000FCF741FB80BD80B541F2CF
:1089D0003C40C2F20000F8F78FFB80BD80B541F249
:1089E0003C40C2F20000F8F787FB80BDFFE7FEE7DE
:1089F00080B5042005F04EFB38B9FFE741F62011A1
:108A0000C2F2000101200870FFE7052005F042FBDB
:108A100038B9FFE741F62011C2F2000102200870C8
:108A2000FFE7062005F036FB38B9FFE741F62011D5
:108A3000C2F2000103200870FFE780BD80B584B05A
:108A4000039000208DF809008DF808000398143079
:108A500001900398143000900398B0F8CC000128DE
:108A60000CDBFFE70198039991F8CB10013101F07D
:108A70003F01405C4008ADF80A00FFE700208DF898
:108A80000900FFE79DF80900BDF80A10B0EB410F9F
:108A900019DAFFE70098039991F8CB309DF8092087
:108AA0001344023303F03F03C05C91F9033001EB40
:108AB000C301D1F8D8108854FFE79DF809000130B0
:108AC0008DF80900DEE7039890F9031000EBC1016F
:108AD000FF2081F8D4000399C870039900208860B2
:108AE000039801F04BFD9DF8080004B080BD000024
:108AF00080B586B0059000208DF80F0005981430E1
:108B0000029005985C3001900598B0F8CC000528DB
:108B100040F0AA80FFE70298059991F8CB10013147
:108B200001F03F01405C0002ADF812000298059987
:108B300091F8CB10023101F03F01415CBDF8120009
:108B40000843ADF812000298059991F8CB10033153
:108B500001F03F01405C0002ADF810000298059959
:108B600091F8CB10043101F03F01405CADF81000EA
:108B7000BDF81000012872DBFFE7BDF810007D286A
:108B80006DDCFFE7059991F89C0081F8CE0005980F
:108B9000407828B1FFE705984078012809D1FFE720
:108BA000059991F89C00013000F03F0081F89C008D
:108BB00008E0059991F89C00073000F03F0081F82B
:108BC0009C00FFE705980023A0F8D0300199059894
:108BD00090F89C2003208854059991F89C0001305E
:108BE00000F03F0081F89C000599B1F8D0000130F9
:108BF000A1F8D000BDF8100040000199059A92F844
:108C00009C208854059991F89C00013000F03F00A9
:108C100081F89C000599B1F8D0000130A1F8D0008E
:108C20000598BDF81210BDF8102000F043FB8DF838
:108C30000E009DF80E0038B1FFE79DF80E0007F01A
:108C400065FF8DF80F0009E0BDF810200599B1F817
:108C5000D00000EB4200A1F8D000FFE703E00320C2
:108C60008DF80F00FFE703E003208DF80F00FFE70A
:108C70009DF80F0006B080BD82B0019000208DF8F5
:108C800003009DF8030002B07047000080B586B075
:108C9000059000208DF80A00059814300190059881
:108CA0005C3000900598B0F8CC000A28C0F2328100
:108CB000FFE70198059991F8CB10013101F03F01D0
:108CC000405C0002ADF812000198059991F8CB10B4
:108CD000023101F03F01415CBDF812000843ADF8DC
:108CE0001200BDF812000130ADF81200019805998C
:108CF00091F8CB10033101F03F01405C0002ADF868
:108D000010000198059991F8CB10043101F03F0152
:108D1000415CBDF810000843ADF8100001980599BA
:108D200091F8CB10053101F03F01405C0002ADF835
:108D30000E000198059991F8CB10063101F03F0122
:108D4000415CBDF80E000843ADF80E00BDF80E0002
:108D50000130ADF80E000198059991F8CB1007315C
:108D600001F03F01405C0002ADF80C00019805994C
:108D700091F8CB10083101F03F01415CBDF80C00C7
:108D80000843ADF80C000198059991F8CB10093112
:108D900001F03F01405C8DF80B00BDF81000012888
:108DA000C0F2B380FFE7BDF810007D2800F3AD806E
:108DB000FFE7BDF80C000128C0F2A780FFE7BDF86F
:108DC0000C00792800F3A180FFE7BDF80C109DF896
:108DD0000B00B0EB410F40F09880FFE7059991F848
:108DE000CB000A3000F03F0081F855000598BDF82F
:108DF0000E10BDF80C20012300F05CFA8DF809007C
:108E00009DF80900002874D1FFE7059991F89C00AE
:108E100081F8CE000598407828B1FFE705984078A2
:108E2000012809D1FFE7059991F89C00013000F075
:108E30003F0081F89C0008E0059991F89C000730FC
:108E400000F03F0081F89C00FFE70198059991F838
:108E50009C2091F8CB1001F03F01405C00998854B0
:108E60000599B1F8D0000130A1F8D000059991F82A
:108E70009C00013000F03F0081F89C0000990598AB
:108E800090F89C20172088540599B1F8D000013043
:108E9000A1F8D000059991F89C00013000F03F0046
:108EA00081F89C00BDF8100040000099059A92F8E6
:108EB0009C2088540599B1F8D0000130A1F8D00069
:108EC0000598BDF81210BDF81020002300F0F2F94B
:108ED0008DF809009DF8090050B9FFE7BDF8102092
:108EE0000599B1F8D00000EB4200A1F8D000FFE7EF
:108EF000FFE79DF8090038B1FFE79DF8090007F08A
:108F000005FE8DF80A00FFE703E003208DF80A0054
:108F1000FFE7FFE79DF80A0006B080BD82B0019030
:108F200000208DF803009DF8030002B07047000098
:108F300080B584B0039000208DF8090003981430A8
:108F400001900398B0F8CC00052835D1FFE70198CF
:108F5000039991F8CB10013101F03F01405C000210
:108F6000ADF80A000198039991F8CB10023101F095
:108F70003F01415CBDF80A000843ADF80A000399BF
:108F800091F8CB00033000F03F0081F855000398C2
:108F9000BDF80A1001231A4600F08CF98DF808007C
:108FA0009DF8080038B1FFE79DF8080007F0AEFD16
:108FB0008DF80900FFE703E003208DF80900FFE7C3
:108FC0009DF8090004B080BD80B584B003900020F6
:108FD0008DF807000398143000900398B0F8CC0087
:108FE000052831DBFFE70098039991F8CB10013198
:108FF00001F03F01405C0002ADF80A0000980399BF
:1090000091F8CB10023101F03F01415CBDF80A003C
:109010000843ADF80A000098039991F8CB1003318A
:1090200001F03F01405C0002ADF808000098039990
:1090300091F8CB10043101F03F01415CBDF808000C
:109040000843ADF80800FFE7039890F9031000EB20
:10905000C101FE2081F8D4000399FF20C870039954
:1090600000208860039801F089FA9DF8070004B099
:1090700080BD000080B586B0059000208DF80E0000
:1090800005981430029005985C3001900598B0F86E
:10909000CC000628C0F20581FFE70298059991F8F7
:1090A000CB10013101F03F01405C0002ADF812002D
:1090B0000298059991F8CB10023101F03F01415C13
:1090C000BDF812000843ADF812000298059991F816
:1090D000CB10033101F03F01405C0002ADF81000FD
:1090E0000298059991F8CB10043101F03F01415CE1
:1090F000BDF810000843ADF810000298059991F8EA
:10910000CB10053101F03F01405C8DF80F00BDF838
:1091100010000128C0F2C080FFE7BDF810007828D9
:1091200000F3BA80FFE79DF80F00BDF8101049006A
:10913000C9B2884240F0B080FFE7059991F8CB00B2
:10914000063000F03F0081F855000598BDF8121078
:10915000BDF81020012300F0ADF88DF80D00059941
:1091600091F89C0081F8CE000598407828B1FFE77F
:1091700005984078012809D1FFE7059991F89C00EE
:10918000013000F03F0081F89C0008E0059991F85B
:109190009C00073000F03F0081F89C00FFE7059934
:1091A0000020A1F8D0000199059890F89C2010208B
:1091B0008854059991F89C00013000F03F0081F837
:1091C0009C000599B1F8D0000130A1F8D0009DF8BD
:1091D00013000199059A92F89C208854059991F8FA
:1091E0009C00013000F03F0081F89C000599B1F827
:1091F000D0000130A1F8D000BDF812000199059A05
:1092000092F89C208854059991F89C00013000F058
:109210003F0081F89C000599B1F8D0000130A1F819
:10922000D0009DF811000199059A92F89C2088546D
:10923000059991F89C00013000F03F0081F89C00F6
:109240000599B1F8D0000130A1F8D000BDF81000A8
:109250000199059A92F89C208854059991F89C00F0
:10926000013000F03F0081F89C000599B1F8D00072
:109270000130A1F8D0009DF80D0038B1FFE79DF84E
:109280000D0007F043FC8DF80E0004E00599052061
:10929000A1F8D000FFE703E003208DF80E00FFE700
:1092A00003E003208DF80E00FFE79DF80E0006B0E6
:1092B00080BD000080B58AB00990ADF82210ADF8ED
:1092C00020208DF81F3000208DF81E0009981430E2
:1092D000059009985C300490BDF8220049F64141A0
:1092E0008842C0F29380FFE7BDF822004CF24F3174
:1092F000884200F38B80FFE7BDF82200BDF8201004
:10930000084440F21201C2F20001098849F64142C4
:10931000114488427ADCFFE7BDF822104CF27E70DF
:10932000CFF6FE7000EB410006909DF81F0001464D
:10933000039120B1FFE70398012833D065E0FFE7F0
:10934000BDF8200001282CDBFFE7069941F620102C
:10935000C2F2000001444978049A099B93F89C30BA
:10936000D154099A92F89C10013101F03F0182F822
:109370009C100699405C0499099A92F89C208854A4
:10938000099991F89C00013000F03F0081F89C00A1
:10939000069802300690BDF820000138ADF8200094
:1093A000CEE732E0FFE7BDF8200001282CDBFFE725
:1093B0000598099991F85510405C069A41F62011DC
:1093C000C2F200010A445070099A92F85500013027
:1093D00000F03F0082F855000598099A92F8552050
:1093E000805C069A8854099991F85500013000F084
:1093F0003F0081F85500069802300690BDF8200025
:109400000138ADF82000CEE7FFE734E09DF81F00FB
:109410000146029120B1FFE70298012815D029E00A
:10942000049809999C31BDF82230BDF82020EC4603
:10943000CCF800203F2205F027F9012804D1FFE7EE
:1094400000208DF81E00FFE714E0059809995531BA
:10945000BDF82230BDF82020EC46CCF800203F2299
:1094600005F0B6F9012804D1FFE700208DF81E00B1
:10947000FFE7FFE7FFE79DF81E000AB080BD000090
:1094800080B584B0ADF80E000020F7F779FCF7F74F
:1094900069F932300290FFE702980190F7F762F91C
:1094A00001460198884201D3FFE7F5E70120F7F76D
:1094B00067FCF7F757F9C8300290FFE70298009071
:1094C000F7F750F901460098884201D3FFE7F5E726
:1094D000F7F778FC40F6DC40C0F601000078BDF8F4
:1094E0000E1040F6DA42C0F60102138840F6D6426A
:1094F000C0F60102F7F7AEFA04B080BD82B08DF875
:1095000007009DF8070001460091062830D8009911
:10951000DFE801F0040B2E121920270041F620117C
:10952000C2F200016320887123E041F62011C2F2EB
:109530000001632088701CE041F62011C2F2000196
:109540006320087115E041F62011C2F2000163208A
:1095500008750EE041F62011C2F200016320887503
:1095600007E041F62011C2F200016320087600E016
:10957000FFE702B07047000080B582B00020019084
:10958000F9F76EFCFEF790FBFDF780FDFEF7B2F9F0
:10959000FEF7D0F9FEF7EEF9FEF76CF9FEF78AF95F
:1095A000FDF700FFFDF724FFFDF7E2FFFDF762FF87
:1095B000FEF7C0F8FEF7EAF8FEF72CF9FDF740FFDA
:1095C000FDF772FFFDF7A0FFFDF7B8FFFEF786F885
:1095D000FEF742F8FDF732FD0120FAF7C5FE07F06D
:1095E00031FA01F0EDF9FFE79DF8030007F044FAC6
:1095F0008DF803009DF8030028B9FFE701F08CFB0C
:109600008DF80300FFE7EFE780B584B08DF80F0019
:109610009DF80F0040F29412C2F200024FF48A71DA
:1096200000FB012002900299887891F8CE20114425
:1096300081F85C00029A02F15C0092F8CE10B2F858
:10964000D020013292B23F2307F0B2FA8DF8070022
:10965000029991F8CE00B1F8D0201044013000F00A
:109660003F0081F89C009DF80700029991F89C202A
:10967000114481F85C00029991F89C00013000F0DF
:109680003F0081F89C00029800F084FF04B080BD88
:1096900080B586B0844608988DF817C08DF81610EE
:1096A0008DF8152004938DF80F009DF8170040F2F7
:1096B0009412C2F200024FF48A7100FB0120029062
:1096C00000208DF807009DF8150004999DF80F30D3
:1096D000072200F04BFE012804D0FFE703208DF89D
:1096E000070009E002994FF47A70C1F8A8000299C6
:1096F0000220C1F8B000FFE79DF8160002998870BB
:1097000041F61011C2F20001002008709DF8070018
:1097100006B080BD80B584B08DF80F008DF80E10B6
:109720009DF80F0040F29412C2F200024FF48A71C9
:1097300000FB01200290029801F00EF99DF80E0046
:109740003A280DD1FFE740F26E11C2F2000100206D
:10975000087041F61011C2F200010120087076E095
:109760009DF80E000A282ED1FFE7029890F85410B9
:10977000013901F003010844007D0D2822D1FFE7E3
:1097800041F61010C2F20000007801281AD1FFE75C
:10979000029991F8540091F85A20114481F856002A
:1097A000029991F85A00013000F0030081F85A0044
:1097B00041F61011C2F2000100200870029801F079
:1097C000A7F8FFE742E041F61010C2F2000000786F
:1097D00008B9FFE73BE09DF80E0007F0BDF98DF8F2
:1097E000070040F26E10C2F20000007801460091BE
:1097F00020B1FFE7009801280FD026E09DF8070070
:109800000001029991F854201144087540F26E113C
:10981000C2F200010120087017E09DF807200298AD
:1098200090F854100144087D10430875029991F88E
:109830005400013000F0030081F8540040F26E1132
:10984000C2F2000100200870FFE7FFE7FFE704B065
:1098500080BD000082B08DF806009DF8060040F241
:109860009412C2F200024FF48A7100FB01200090B2
:10987000009890F85A1090F85B00884204D0FFE7F7
:1098800001208DF8070003E000208DF80700FFE7B6
:109890009DF8070002B0704780B588B08DF81F00B2
:1098A00006910592049300208DF80F009DF81F008B
:1098B00040F29412C2F200024FF48A7100FB0120C0
:1098C000029002980DF107010DF1060200F018FD5B
:1098D0009DF80600032821DBFFE7029814309DF86D
:1098E00007109DF806203F2307F062F9B0B9FFE7A3
:1098F00002989DF8071001F03F010844007D069989
:1099000008709DF806000238049908809DF8070049
:10991000013000F03F000599087003E005208DF844
:109920000F00FFE79DF80F0008B080BD80B582B042
:109930008DF806009DF8060040F29412C2F2000273
:109940004FF48A7100FB01200090009890F8A2105B
:1099500090F8A300884204D1FFE700208DF80700AB
:109960000FE0009801F006F820B9FFE700208DF81D
:10997000070006E0009800F041FD01208DF8070087
:10998000FFE79DF8070002B080BD000082B00190A3
:109990008DF80310019991F89C0081F8CE00019890
:1099A000407828B1FFE701984078012809D1FFE706
:1099B000019991F89C00013000F03F0081F89C0073
:1099C00008E0019991F89C00073000F03F0081F811
:1099D0009C00FFE701990020A1F8D000019991F8BF
:1099E0009C2091F8CA0040F08000114481F85C008E
:1099F000019991F89C00013000F03F0081F89C0033
:109A00000199B1F8D0000130A1F8D0009DF8030011
:109A1000019991F89C20114481F85C00019991F81A
:109A20009C00013000F03F0081F89C0002B07047BC
:109A300083B001908DF8031000208DF802008DF89E
:109A40000200FFE79DF90200072818DCFFE70198F4
:109A50009DF9021000EBC10090F9D4009DF80310AD
:109A6000884205D1FFE79DF802008DF80B000AE05F
:109A7000FFE79DF8020001308DF80200E2E7FF20C9
:109A80008DF80B00FFE79DF90B0003B07047000055
:109A900010B586B08C4686460A98099908998DF8C3
:109AA00017E08DF816C08DF815208DF81430ADF83C
:109AB00012108DF8110000208DF810009DF817008D
:109AC00040F29412C2F200024FF48A7100FB0120AE
:109AD00003909DF81600039908709DF8140050B18A
:109AE000FFE79DF81400012805DBFFE79DF814004F
:109AF000F82804DBFFE702208DF81000B8E09DF89D
:109B000015000146029140B1FFE7029801283ED0BE
:109B1000FFE70298022875D0A9E003990020487059
:109B2000039981F8C80003994AF26110C0F6000059
:109B3000C1F8B40003994AF2AD10C0F60000C1F8B4
:109B4000B80003994AF2A120C0F60000C1F8BC0099
:109B500003994AF20D20C0F60000C1F8C000039935
:109B600049F69D60C0F60000C1F8C4009DF81700DA
:109B70009DF814109DF81220099B9DF811C0EE4627
:109B8000CEF800C000F0DEF98DF810006FE0039908
:109B9000012048700399002081F8C800039949F218
:109BA0001570C0F60000C1F8B400039949F65500DD
:109BB000C0F60000C1F8B800039949F62D10C0F6B0
:109BC0000000C1F8BC00039949F69900C0F60000F6
:109BD000C1F8C000039949F20960C0F60000C1F85D
:109BE000C4009DF817009DF814109DF81220099BE1
:109BF0009DF811C0EE46CEF800C0FFF749FD8DF884
:109C0000100034E00399022048700399002081F885
:109C1000C80003994AF2D960C0F60000C1F8B40048
:109C200003994AF29570C0F60000C1F8B800039994
:109C30004AF6B100C0F60000C1F8BC0003994AF230
:109C4000D970C0F60000C1F8C00003994AF2BD50B7
:109C5000C0F60000C1F8C4009DF817009DF814106C
:109C6000BDF8122000F010FD8DF81000FFE7FFE7AF
:109C70009DF8100006B010BD80B586B08DF81700B5
:109C80009DF8170040F29412C2F200024FF48A715C
:109C900000FB0120049000208DF80F009DF81700B4
:109CA000052801D1FFE7FFE7049890F8C8000146B6
:109CB0000191032800F2E7800199DFE801F0021129
:109CC00040AC0498D0F8B8109DF8170088470128D8
:109CD00005D1FFE70499012081F8C800FFE7D2E031
:109CE000049BD3F8C0C09DF8170003F1C90103F12C
:109CF000CB02CC33E047E0B9FFE70498817890F8D5
:109D0000C900884205D0FFE7049890F8C90078B9E7
:109D1000FFE70498007828B9FFE70499022081F84A
:109D2000C80004E00499032081F8C800FFE7FFE7BA
:109D300004E00499002081F8C800FFE7A3E00120B7
:109D40008DF80E00049991F8CB0000F03F00084414
:109D5000007D81F8CA0000200290FFE702980F28DA
:109D600030DCFFE7029800EB400140F21C00C2F239
:109D7000000010F8210008B9FFE723E0029800EB8B
:109D8000400140F21C00C2F2000010F821000499CA
:109D900091F8CA1088420FD1FFE7029800EB40010A
:109DA00040F21C00C2F2000000EB81004168049800
:109DB00088478DF80E0005E0FFE7FFE702980130C5
:109DC0000290CBE7049890F8C900F8B1FFE79DF83E
:109DD0000E0030B1FFE704989DF80E10FFF7D6FD96
:109DE000FFE704984078012809D1FFE7012030B946
:109DF000FFE7F8F7E1F90499C1F8AC00FFE7049830
:109E0000D0F8C4109DF817008847FFE70499002098
:109E100081F8C80037E0049991F8CB0000F03F00CA
:109E20000844007D81F8CA0000200290FFE70298F4
:109E30000F2823DCFFE7029800EB400140F21C00F2
:109E4000C2F2000010F82100049991F8CA1088426B
:109E50000FD1FFE7029800EB400140F21C00C2F274
:109E6000000000EB81008168049888478DF80E009F
:109E700004E0FFE7029801300290D8E7049900203F
:109E800081F8C800FFE70498D0F8BC109DF81700CF
:109E900088479DF80F0006B080BD000080B584B0F3
:109EA0008DF80F009DF80F0040F29412C2F20002EC
:109EB0004FF48A7100FB012002900299887891F892
:109EC000CE20114481F85C00029A02F15C0092F805
:109ED000CE10B2F8D020013292B23F2306F096FEA7
:109EE000ADF80600029991F8CE00B1F8D0201044E8
:109EF000013000F03F0081F89C00BDF80600029997
:109F000091F89C20114481F85C00029991F89C0022
:109F1000013000F03F0081F89C009DF80700029995
:109F200091F89C20114481F85C00029991F89C0002
:109F3000013000F03F0081F89C00029800F02AFBFD
:109F400004B080BD80B586B0844608988DF817C0EF
:109F50008DF816108DF8152004938DF80F009DF8DC
:109F6000170040F29412C2F200024FF48A7100FB13
:109F70000120029000208DF807009DF8160002993C
:109F800088709DF8150004999DF80F30082200F0A4
:109F9000EDF9012804D0FFE703208DF8070019E050
:109FA0000498B0F5964F0AD9FFE7049948F6B8002F
:109FB000B0FBF1F001300299C1F8A80004E0029969
:109FC0000220C1F8A800FFE70299D1F8A800C1F863
:109FD000B000FFE79DF8070006B080BD80B586B0F1
:109FE0008DF816008DF81510ADF81220ADF8103070
:109FF0009DF8160040F29412C2F200024FF48A71EA
:10A0000000FB01200390039991F89C0081F8CE0099
:10A01000BDF81010052000EB41000399A1F8D00015
:10A02000039991F89C00053000F03F0081F89C00F6
:10A03000039901F15C009C31BDF81230BDF810208D
:10A04000EC46CCF800203F2204F01EFB20B9FFE7CD
:10A0500000208DF817007EE00399887891F8CE20D3
:10A06000114481F85C00039890F8CE00013000F0B4
:10A070003F008DF809009DF8150003999DF809200F
:10A08000114481F85C009DF80900013000F03F00A8
:10A090008DF809009DF8130003999DF809201144DB
:10A0A00081F85C009DF80900013000F03F008DF858
:10A0B0000900BDF8120003999DF80920114481F8A8
:10A0C0005C009DF80900013000F03F008DF80900A8
:10A0D000BDF81000400003999DF80920114481F853
:10A0E0005C009DF80900013000F03F008DF8090088
:10A0F000039A02F15C0092F8CE10B2F8D0203F2310
:10A1000006F084FDADF80A009DF80B00039991F864
:10A110009C20114481F85C00039991F89C00013067
:10A1200000F03F0081F89C00BDF80A00039991F807
:10A130009C20114481F85C00039991F89C00013047
:10A1400000F03F0081F89C00039800F023FA012002
:10A150008DF81700FFE79DF8170006B080BD0000DE
:10A1600080B582B08DF807008DF806109DF80700C5
:10A1700040F29412C2F200024FF48A7100FB0120F7
:10A1800000909DF80600009991F85420114408753C
:10A19000009991F85400013000F03F0081F854001C
:10A1A000009800F0D9FB02B080BD000080B582B0FD
:10A1B0008DF806009DF8060040F29412C2F20002EB
:10A1C0004FF48A7100FB01200090009800F0A8FB7A
:10A1D000012807D1FFE7009800F0FCF8009800F094
:10A1E00097FBFFE7009890F85A1090F85B008842C0
:10A1F00004D0FFE701208DF8070003E000208DF870
:10A200000700FFE79DF8070002B080BD80B586B06B
:10A210008DF817000491039202939DF8170040F205
:10A220009412C2F200024FF48A7100FB01200190E7
:10A2300000208DF8030001980DF102010DF10102DB
:10A2400000F05EF89DF80100042821DBFFE701988B
:10A2500014309DF802109DF801203F2306F0D6FC33
:10A26000B0B9FFE701989DF8021001F03F010844E2
:10A27000007D049908709DF8010003380299088058
:10A280009DF80200013000F03F000399087003E0E0
:10A2900005208DF80300FFE79DF8030006B080BDA0
:10A2A00080B582B08DF806009DF8060040F2941249
:10A2B000C2F200024FF48A7100FB01200090009866
:10A2C00090F8A21090F8A300884204D1FFE7002084
:10A2D0008DF807000FE0009800F04CFB20B9FFE775
:10A2E00000208DF8070006E0009800F087F80120B4
:10A2F0008DF80700FFE79DF8070002B080BD000061
:10A3000080B584B0039002910192039890F85B109D
:10A31000084490F856008DF80300039890F85B10FD
:10A32000013901F00301084490F8560002990870C1
:10A330009DF8030002990978884208DDFFE79DF83F
:10A34000030002990978401A0199087008E0029800
:10A3500001789DF80300401A403001990870FFE72A
:10A36000039800F02BF804B080BD000083B08DF896
:10A370000B0001918DF803208DF80230012003B00D
:10A380007047000080B582B08DF807009DF8070087
:10A3900048B9FFE740F60000C4F2010002210022A4
:10A3A000F7F7F2FE08E040F60000C4F201000221D7
:10A3B0000122F7F7E9FEFFE702B080BD81B000900F
:10A3C000009991F85B00013000F0030081F85B0018
:10A3D00001B0704781B00090009991F8540091F855
:10A3E0005A20114481F85600009991F85A00013022
:10A3F00000F0030081F85A0001B0704780B584B0C6
:10A400000290029890F8A310013901F0030108446A
:10A4100090F89E008DF80700029890F8A310084469
:10A4200090F89E008DF806009DF807008DF8040056
:10A4300002980078012829D1FFE7029890F90300DB
:10A44000013040B9FFE702989DF80710FFF7F0FAD6
:10A450000299C870FFE7029890F90300013020B913
:10A46000FFE700208DF80F0083E0029841688068C4
:10A4700008440090F7F7A0FE01460098884204D9EE
:10A48000FFE700208DF80F0073E0FFE70120FFF7E2
:10A4900079FF00208DF80500FFE79DF804009DF886
:10A4A0000610884201D1FFE71AE002989DF80410D7
:10A4B000084490F85C009DF8052041F65111C2F265
:10A4C000000188549DF80400013000F03F008DF831
:10A4D0000400FFE79DF8050001308DF80500DCE77A
:10A4E00002984078012804D0FFE70298407888B9A4
:10A4F000FFE7029800699DF8052041F65111C2F26C
:10A500000001FBF717FA20B1FFE700208DF80F00DC
:10A510002FE01CE002984078022817D1FFE740F6B0
:10A52000DC40C0F6010000789DF8052041F651118D
:10A53000C2F20001F6F7C6FA9DF80510884204D071
:10A54000FFE700208DF80F0013E0FFE7FFE7029818
:10A550000078012805D1FFE7F7F72EFE0299886001
:10A5600003E0029800F00AF8FFE701208DF80F00E1
:10A57000FFE79DF80F0004B080BD000081B000909F
:10A58000009991F8A300013000F0030081F8A300C6
:10A5900001B0704781B00090009991F89C0091F84B
:10A5A000A220114481F89E00009991F8A200013088
:10A5B00000F0030081F8A20001B0704780B582B0BE
:10A5C0008DF807009DF8070040F29412C2F20002D5
:10A5D0004FF48A7100FB0120009041F69410C2F202
:10A5E00000004178009A92F8CE3003F03F031A44FD
:10A5F00082F85C100088009991F8CE20013202F0B8
:10A600003F02114481F85C0041F69210C2F2000052
:10A610004178009A92F8CE30023303F03F031A4497
:10A6200082F85C100088009991F8CE20033202F085
:10A630003F02114481F85C000099B1F8D00001306C
:10A64000000A91F8CE20043202F03F02114481F852
:10A650005C000099B1F8D000013091F8CE200532AD
:10A6600002F03F02114481F85C000099887891F86B
:10A67000CE20063202F03F02114481F85C000098BF
:10A68000FFF788FF02B080BD80B584B08DF80F0061
:10A690008DF80E10ADF80C209DF80F0040F29412CA
:10A6A000C2F200024FF48A7100FB012002900020E8
:10A6B0008DF80700BDF80C00FEF7E2FE9DF80E00D5
:10A6C0000299887040F28C11C2F20001012088705A
:10A6D0009DF8070004B080BD80B594B08DF84F00A0
:10A6E0008DF84E109DF84F0040F29412C2F2000215
:10A6F0004FF48A7100FB0120129001208DF80500B3
:10A70000FFE740F6DC40C0F60100007802A94022D5
:10A71000F6F786F88DF807009DF80700402804DB5F
:10A72000FFE700208DF8050000E000E0E9E79DF874
:10A73000070020B1FFE79DF8050008B9FFE726E014
:10A7400000208DF80600FFE79DF806009DF8071031
:10A75000884218DAFFE79DF8061002A8405C1299BB
:10A7600091F8542011440875129991F85400013061
:10A7700000F03F0081F85400FFE79DF8060001302B
:10A780008DF80600E0E71298FFF724FEFFE714B00B
:10A7900080BD000082B08DF806009DF8060040F2F2
:10A7A0009412C2F200024FF48A7100FB0120009063
:10A7B000009890F85A1090F85B00884204D0FFE7A8
:10A7C00001208DF8070003E000208DF80700FFE767
:10A7D0009DF8070002B0704780B586B08DF817006D
:10A7E0000491039202939DF8170040F29412C2F272
:10A7F00000024FF48A7100FB0120019005208DF8C2
:10A80000010001980DF103010DF10202FFF778FD3F
:10A8100001989DF8031001F03F010844007D0002FB
:10A8200041F69411C2F20001088001989DF80320BE
:10A83000013202F03F021044027D08881043088074
:10A8400001989DF80310023101F03F010844007D9A
:10A85000010241F69210C2F20000018001999DF8B8
:10A860000320033202F03F0211440A7D01881143A4
:10A8700001800088A0B9FFE79DF80300073000F0D1
:10A880003F00039908709DF802000738029908807C
:10A8900000208DF80100019880780499087003E089
:10A8A00005208DF80100FFE79DF8010006B080BD8E
:10A8B00080B582B08DF806009DF8060040F2941233
:10A8C000C2F200024FF48A7100FB01200090009850
:10A8D00090F8A21090F8A300884204D1FFE700206E
:10A8E0008DF807000FE0009800F044F820B9FFE76A
:10A8F00000208DF8070006E00098FFF77FFD01209B
:10A900008DF80700FFE79DF8070002B080BD00004A
:10A9100081B0009000990020C1F8A40001B07047F8
:10A9200080B582B00090F7F747FC0099D1F8A410E9
:10A93000884209D9FFE70098D0F8A40020B1FFE7CA
:10A9400001208DF8070003E000208DF80700FFE7E5
:10A950009DF8070002B080BD80B582B00190F7F786
:10A960002BFC0199D1F8A8201044C1F8A40002B032
:10A9700080BD000080B582B00090F7F71DFC009903
:10A98000D1F8AC10884204D9FFE701208DF8070008
:10A9900003E000208DF80700FFE79DF8070002B0F4
:10A9A00080BD000080B582B00190F7F705FC0199E9
:10A9B000D1F8B0201044C1F8AC0002B080BD000056
:10A9C00080B594B0002211928DF84B2040F2941083
:10A9D000C2F200001390139941F2D070C2F200004D
:10A9E000086169468A604FF4E13048604FF4FB70BB
:10A9F00008600123109310461146FFF749F8109A9A
:10AA00001399086991F8543019441431FAF700FE8B
:10AA100011988DF84B00FFE79DF84B0007280FDCDD
:10AA2000FFE713989DF84B1000EBC101FE2081F861
:10AA3000D400FFE79DF84B0001308DF84B00EBE7A9
:10AA40001399FF20C87040F29410C2F2000000F584
:10AA50008A701390139941F61000C2F20000086149
:10AA6000694600220F928A604FF4165048604FF4F6
:10AA7000FB70086001230E9318461946FFF708F88B
:10AA80000E9A1399086991F8543019441431FAF761
:10AA9000BFFD0F988DF84B00FFE79DF84B0007288E
:10AAA0000FDCFFE713989DF84B1000EBC101FE206F
:10AAB00081F8D400FFE79DF84B0001308DF84B0082
:10AAC000EBE71399FF20C87040F29410C2F2000027
:10AAD00000F50A701390139941F65000C2F200007D
:10AAE0000861694600220D928A604FF4E1304860A7
:10AAF0004FF4FB700860022001230C931146FEF70F
:10AB0000C7FF0C9A1399086991F85430194414310D
:10AB1000FAF77EFD0D988DF84B00FFE79DF84B008E
:10AB200007280FDCFFE713989DF84B1000EBC101DD
:10AB3000FE2081F8D400FFE79DF84B0001308DF82E
:10AB40004B00EBE71399FF20C87040F29410C2F25B
:10AB5000000000F54F701390139941F69000C2F277
:10AB600000000861694600220B928A604FF4E130D0
:10AB700048604FF4FB700860032001230A931146DC
:10AB8000FEF786FF0A9A1399086991F85430194420
:10AB90001431FAF73DFD0B988DF84B00FFE79DF857
:10ABA0004B0007280FDCFFE713989DF84B1000EBD4
:10ABB000C101FE2081F8D400FFE79DF84B00013071
:10ABC0008DF84B00EBE71399FF20C87040F294100A
:10ABD000C2F2000000F58A601390139941F6D0008C
:10ABE000C2F2000008616946002209928A604FF4AF
:10ABF000E13048604FF4FB700860042001230893A3
:10AC00001146FEF745FF089A1399086991F85430E8
:10AC100019441431FAF7FCFC09988DF84B00FFE752
:10AC20009DF84B0007280FDCFFE713989DF84B10A9
:10AC300000EBC101FE2081F8D400FFE79DF84B0036
:10AC400001308DF84B00EBE71399FF20C87040F2FC
:10AC50009410C2F2000000F2645013906A46002182
:10AC6000079191604FF4E13050604FF4FB70106039
:10AC7000052002220123FEF70BFF07988DF84B00F9
:10AC8000FFE79DF84B0007280FDCFFE713989DF8BE
:10AC90004B1000EBC101FE2081F8D400FFE79DF8C6
:10ACA0004B0001308DF84B00EBE71399FF20C87083
:10ACB00040F29410C2F200000690006940F6DD6197
:10ACC000C0F601010F22049264230593FAF782FD76
:10ACD000049A059B0698D0F8380240F6ED61C0F65C
:10ACE0000101FAF777FD049A059B0698D0F84C030A
:10ACF00040F6FD61C0F60101FAF76CFD049A059B70
:10AD00000698D0F8600440F60D71C0F60101FAF71C
:10AD100061FD14B080BD000080B582B041F618100E
:10AD2000C2F200000078062809DBFFE741F618119F
:10AD3000C2F20001002008708DF807000FE041F614
:10AD40001810C2F2000000900078FEF795FF0099FD
:10AD500008780130087001208DF80700FFE79DF8A2
:10AD6000070002B080BD000080B590B000208DF8D3
:10AD70003F008DF83F00FFE79DF83F00032815DCFA
:10AD8000FFE79DF83F0000EB400140F64420C2F28F
:10AD9000000008444078012801D1FFE70DE2FFE7F9
:10ADA0009DF83F0001308DF83F00E5E741F62010A7
:10ADB000C2F20000807901460E91142800F2F6815B
:10ADC0000E99DFE811F015005400C900F301F301FA
:10ADD000F301F3013E01F3017901F301F301F30102
:10ADE000F301F301F301F301F301F301F301B30103
:10ADF00040F64420C2F20000807B03F09DFDA8BB1A
:10AE0000FFE741F62011C2F200016220887107209D
:10AE100003F050F948B3FFE76A460C9203205062F2
:10AE200040F64420C2F2000000F10D011162013031
:10AE3000D06100210D919161022050614FF0FF30EF
:10AE40001061D16091600F2050604FF07C50106015
:10AE50004FF4FA726423084604F0B4FF0D9840F2F0
:10AE60008411C2F200010860FFE7FFE7A5E140F6A8
:10AE70004420C2F20000807B03F05EFD00286AD10E
:10AE8000FFE741F62011C2F20001622088710F2015
:10AE900003F010F920B3FFE740F28410C2F2000083
:10AEA000016843F6D422891A016001686B460320C9
:10AEB000586140F64420C2F2000000F10D021A6110
:10AEC0000130D8600020986002225A604FF0814221
:10AED0001A604FF4FA624FF4FA7304F0D5FEFFE7FC
:10AEE00041F62010C2F200000121817763218171B7
:10AEF00090F82400B8B9FFE741F62010C2F2000034
:10AF0000007F012807D1FFE741F62011C2F20001BE
:10AF10000120887206E041F62011C2F200010620ED
:10AF20008872FFE716E041F62010C2F20000007FB1
:10AF3000012807D1FFE741F62011C2F200010820E5
:10AF4000887206E041F62011C2F2000109208872E1
:10AF5000FFE7FFE7FFE730E140F64420C2F20000E0
:10AF6000807B03F0E9FC00286AD1FFE741F620115D
:10AF7000C2F20001622088710E2003F09BF820B31A
:10AF8000FFE740F28410C2F20000016843F6D422C9
:10AF90001144016001686B460320586140F644206B
:10AFA000C2F2000000F10D021A610130D8600020E9
:10AFB000986002225A604FF081421A604FF4FA62A0
:10AFC0004FF4FA7304F060FEFFE741F62010C2F27E
:10AFD0000000012181776321817190F82400B8B9C4
:10AFE000FFE741F62010C2F20000007F012807D1E0
:10AFF000FFE741F62011C2F200010120887206E04D
:10B0000041F62011C2F2000106208872FFE716E027
:10B0100041F62010C2F20000007F012807D1FFE7AF
:10B0200041F62011C2F200010820887206E041F6C4
:10B030002011C2F2000109208872FFE7FFE7FFE755
:10B04000BBE040F64420C2F20000807B03F074FCB9
:10B0500088BBFFE741F62011C2F20001622088712F
:10B060000E2003F027F828B3FFE76A46032050615B
:10B0700040F64420C2F2000000F10D0111610130E0
:10B08000D06000209060022151604CF6CD41C3F6A3
:10B09000CC61116041F2AE510B914FF4FA624FF462
:10B0A000FA7304F0F1FD0B9840F28411C2F2000132
:10B0B0000860FFE7FFE780E040F64420C2F20000AE
:10B0C000807B03F039FC80BBFFE741F62011C2F220
:10B0D0000001622088710E2002F0ECFF20B3FFE730
:10B0E00040F28410C2F200004FF4AE7101600168BA
:10B0F0006B460320586140F64420C2F2000000F184
:10B100000D021A610130D8600020986002225A6056
:10B110004CF6CD42C3F6CC621A604FF4FA624FF49B
:10B12000FA7304F0B1FDFFE7FFE746E040F6442084
:10B13000C2F20000807B03F0FFFBB0BBFFE741F6EB
:10B140002011C2F20001622088710E2002F0B2FFCD
:10B1500050B3FFE741F62010C2F20000817C90F866
:10B16000200040EA012140F28410C2F20000016098
:10B1700001686B460320586140F64420C2F200008B
:10B1800000F10D021A610130D8600020986002229F
:10B190005A604CF6CD42C3F6CC521A6042F210729D
:10B1A000642304F071FDFFE7FFE706E041F620119C
:10B1B000C2F2000163208871FFE710B080BD00007B
:10B1C00080B58EB000208DF837008DF83700FFE78E
:10B1D0009DF83700032815DCFFE79DF8370000EBEA
:10B1E000400140F64420C2F20000084440780128A3
:10B1F00001D1FFE7C4E1FFE79DF8370001308DF88A
:10B200003700E5E741F62010C2F2000080780146E1
:10B210000C91142800F2B3810C99DFE811F01500AD
:10B22000B001B001B00155009200D9001F01B0017A
:10B23000B001B001B001B001B001B001B001B00186
:10B24000B001B001B0016B0140F64420C2F2000031
:10B25000807B03F071FBB0BBFFE741F62011C2F227
:10B26000000162208870002002F024FF20B3FFE775
:10B270006A460B920320506240F64420C2F200005E
:10B2800000F10D0111620130D061002191610220B5
:10B2900050614FF0FF301061D160916051604CF609
:10B2A000CD40C3F6CC60106001204FF47A4243F6E3
:10B2B000982304F087FDFFE740F28811C2F20001F5
:10B2C00000200860FFE75BE140F64420C2F2000086
:10B2D000807B03F031FB98BBFFE741F62011C2F2FF
:10B2E000000162208870012002F0E4FE38B3FFE71D
:10B2F00040F28810C2F2000001684EF278621144F8
:10B30000016001686A460320506140F64420C2F2A1
:10B31000000000F10D0313610130D0600020906047
:10B32000022050604CF6CD40C3F6CC601060012086
:10B330004FF47A424FF4FA7304F0A6FCFFE7FFE7FC
:10B340001EE140F64420C2F20000807B03F0F4FAD4
:10B35000E8BBFFE741F62011C2F2000162208870CD
:10B36000002002F0A7FE88B3FFE740F28810C2F287
:10B37000000000684EF27861884227D0FFE740F273
:10B380008810C2F2000001684EF27862891A0160EA
:10B3900001686A460320506140F64420C2F2000072
:10B3A00000F10D0313610130D06000209060022095
:10B3B00050604CF6CD40C3F6CC60106001204FF4D5
:10B3C0007A424FF4FA7304F05FFCFFE7FFE7D7E03F
:10B3D00040F64420C2F20000807B03F0ADFAE0BBEF
:10B3E000FFE741F62011C2F20001622088700120BF
:10B3F00002F060FE80B3FFE740F28810C2F2000066
:10B40000006848BBFFE740F28810C2F20000016804
:10B4100048F25802C0F204021144016001686A4611
:10B420000320506140F64420C2F2000000F10D03F9
:10B4300013610130D06000209060022050604CF613
:10B44000CD40C3F6CC60106001204FF47A424FF437
:10B45000FA7304F019FCFFE7FFE791E040F644209F
:10B46000C2F20000807B03F067FA002841D1FFE7B9
:10B4700041F62011C2F2000162208870002002F023
:10B4800019FEA8B3FFE740F28810C2F2000000687E
:10B4900048F25801C0F20401884229D1FFE740F286
:10B4A0008810C2F20000016847F6A872CFF6FB725E
:10B4B0001144016001686A460320506140F644204F
:10B4C000C2F2000000F10D0313610130D0600020D2
:10B4D0009060022050604CF6CD40C3F6CC60106006
:10B4E00001204FF47A424FF4FA7304F0CDFBFFE7EA
:10B4F000FFE745E040F64420C2F20000807B03F005
:10B500001BFAD8BBFFE741F62011C2F2000162200E
:10B510008870012002F0CEFD78B3FFE741F62010DD
:10B52000C2F20000817C90F8200040EA012000EB8C
:10B530008000410040F28810C2F200000160016802
:10B540006A460320506140F64420C2F2000000F138
:10B550000D0313610130D060002090600220506024
:10B560004CF6CD40C3F6CC601060012046F2A81224
:10B570004FF4FA7304F088FBFFE7FFE700E0FFE712
:10B580000EB080BD80B58EB000208DF837008DF8EC
:10B590003700FFE79DF83700032815DCFFE79DF82B
:10B5A000370000EB400140F64420C2F2000008449E
:10B5B0004078012801D1FFE79AE0FFE79DF83700C6
:10B5C00001308DF83700E5E741F62010C2F20000A7
:10B5D000007D01460C9120B1FFE70C98142840D063
:10B5E00085E040F64420C2F20000807B03F0A4F91D
:10B5F000B0BBFFE741F62011C2F2000162200875DE
:10B600000A2002F057FD20B3FFE76A460B920320A1
:10B61000506240F64420C2F2000000F10D011162B8
:10B620000130D06100219161022050610120106140
:10B63000D16091600A2050604CF6CD40C3F6CC60DA
:10B640001060042041F288324FF4FA7304F0BAFB20
:10B65000FFE740F27811C2F2000100200860FFE726
:10B6600046E040F64420C2F20000807B03F064F91B
:10B67000E0BBFFE741F62011C2F20001622008752D
:10B680000B2002F017FD80B3FFE741F62010C2F255
:10B690000000817C90F8200040EA012000EB80014E
:10B6A0000020A0EB410240F27811C2F200010A60D2
:10B6B00009686A460323536140F64423C2F200033B
:10B6C00003F10D0CC2F810C00133D360906002206A
:10B6D00050604CF6CD40C3F64C60106004204BF631
:10B6E0006872642304F0D0FAFFE7FFE700E0FFE7A9
:10B6F0000EB080BD80B58EB000208DF837008DF87B
:10B700003700FFE79DF83700032815DCFFE79DF8B9
:10B71000370000EB400140F64420C2F2000008442C
:10B720004078012801D1FFE79CE0FFE79DF8370052
:10B7300001308DF83700E5E741F62010C2F2000035
:10B74000807D01460C9120B1FFE70C98142841D070
:10B7500087E040F64420C2F20000807B03F0ECF862
:10B76000B8BBFFE741F62011C2F2000162208875E4
:10B77000082002F09FFC58B3FFE76A460A920320B4
:10B78000506240F64420C2F2000000F10D01116247
:10B790000130D06100210B919161022050610120A4
:10B7A0001061D1609160082050604CF6CD40C3F626
:10B7B000CC601060052040F6B8324FF4FA7304F004
:10B7C00001FB0B9840F28011C2F200010860FFE714
:10B7D000FFE747E040F64420C2F20000807B03F020
:10B7E000ABF8E8BBFFE741F62011C2F2000162208E
:10B7F0008875092002F05EFC88B3FFE741F620104F
:10B80000C2F20000817C90F8200040EA012000EBA9
:10B8100080010020A0EB410240F28011C2F2000141
:10B820000A6009686A460323536140F64423C2F262
:10B83000000303F10D0CC2F810C00133D360906017
:10B84000022050604CF6CD40C3F6CC60106005205D
:10B850004AF6C8724FF4FA7304F016FAFFE7FFE7EE
:10B8600000E0FFE70EB080BD80B58EB000208DF8FF
:10B8700037008DF83700FFE79DF83700032815DC07
:10B88000FFE79DF8370000EB400140F64420C2F28C
:10B89000000008444078012801D1FFE79BE0FFE762
:10B8A0009DF8370001308DF83700E5E741F62010AC
:10B8B000C2F20000007E01460C9120B1FFE70C9817
:10B8C000142840D086E040F64420C2F20000807B7D
:10B8D00003F032F8B0BBFFE741F62011C2F20001DD
:10B8E000622008760C2002F0E5FB20B3FFE76A46F1
:10B8F0000B920320506240F64420C2F2000000F197
:10B900000D0111620130D06100219161022050616E
:10B9100001201061D16091600C2050604CF6CD4048
:10B92000C3F6CC601060062041F270724FF4FA73D7
:10B9300004F048FAFFE740F27C11C2F20001002057
:10B940000860FFE747E040F64420C2F20000807B39
:10B9500002F0F2FFE8BBFFE741F62011C2F200015E
:10B96000622008760D2002F0A5FB88B3FFE741F6C0
:10B970002010C2F20000817C90F8200040EA0120F3
:10B9800000EB80010020A0EB410240F27C11C2F2EA
:10B9900000010A6009686A460323536140F64423A4
:10B9A000C2F2000303F10D0CC2F810C00133D360E2
:10B9B0009060022050604CF6CD40C3F6CC60106021
:10B9C000062046F2A8124FF4FA7304F05DF9FFE77F
:10B9D000FFE700E0FFE70EB080BD0000F0B5A7B0C4
:10B9E00000208DF89B008DF89B00FFE79DF89B00E1
:10B9F000032815DCFFE79DF89B0000EB400140F6B3
:10BA00004420C2F2000008444078012801D1FFE739
:10BA100062E2FFE79DF89B0001308DF89B00E5E7AF
:10BA200041F62010C2F20000007901462591142849
:10BA300000F251822599DFE811F015004E028D00C9
:10BA40004E02E6003F0197014E024E024E024E02A8
:10BA50004E024E024E024E024E024E024E024E0266
:10BA60004E02EF0140F64420C2F20000807B02F05B
:10BA700063FF00286DD1FFE741F62011C2F20001FB
:10BA800062200871022002F015FB002860D0FFE759
:10BA900040F64420C2F20000807B02F04DFF18BB4C
:10BAA000FFE76B4624930320586240F64420C2F21D
:10BAB000000000F10D0119620130D8610021996187
:10BAC000022058614FF0FF321A61D96099605860C6
:10BAD0004CF6CD42C3F6CC521A604FF4FA524FF4F2
:10BAE000FA7304F06FF9FFE740F64420C2F2000059
:10BAF000807B02F021FF20BBFFE76B4623930320EE
:10BB0000586240F64421C2F2000101F10D021A62AE
:10BB10000131D9610021996102225A614FF0FF3C45
:10BB2000C3F810C0D96099605A604CF6CD42C3F694
:10BB3000CC521A604FF4FA524FF4FA7304F042F9FF
:10BB4000FFE740F20401C2F2000100200860FFE7B5
:10BB5000FFE7C1E140F64420C2F20000807B02F022
:10BB6000EBFE00284ED1FFE741F62011C2F20001A2
:10BB700062200871022002F09DFA002841D0FFE700
:10BB800040F20400C2F200001E900168A1F5C871E5
:10BB9000016001686A4603202090506140F644200D
:10BBA000C2F2000000F10D071761461CD6600025A7
:10BBB0009560022454604CF6CD40C3F6CC601F90D3
:10BBC00010604FF4FA5221924FF4FA7322932046F8
:10BBD00004F05AF81E99DDF87CC02098219A229B27
:10BBE0000968EE46CEF81400CEF81070CEF80C605E
:10BBF000CEF80850CEF80440CEF800C004F044F867
:10BC0000FFE7FFE768E140F64420C2F20000807BD6
:10BC100002F092FE00284ED1FFE741F62011C2F259
:10BC2000000162200871032002F044FA002841D08C
:10BC3000FFE740F20400C2F200001990016801F52C
:10BC4000C871016001686A4603201B90506140F68C
:10BC50004420C2F2000000F10D071761461CD660B7
:10BC600000259560022454604CF6CD40C3F6CC60AC
:10BC70001A9010604FF4FA521C924FF4FA731D930D
:10BC8000204604F001F81999DDF868C01B981C9A49
:10BC90001D9B0968EE46CEF81400CEF81070CEF861
:10BCA0000C60CEF80850CEF80440CEF800C003F087
:10BCB000EBFFFFE7FFE70FE140F64420C2F2000090
:10BCC000807B02F039FE00284DD1FFE741F62011BC
:10BCD000C2F2000162200871032002F0EBF9002893
:10BCE00040D0FFE740F20400C2F20000149046F298
:10BCF0009871016001686A4603201690506140F611
:10BD00004420C2F2000000F10D071761461CD66006
:10BD100000259560022454604CF6CD40C3F6CC60FB
:10BD2000159010604FF4FA5217924FF4FA7318936B
:10BD3000204603F0A9FF1499DDF854C01698179A0D
:10BD4000189B0968EE46CEF81400CEF81070CEF8B5
:10BD50000C60CEF80850CEF80440CEF800C003F0D6
:10BD600093FFFFE7FFE7B7E040F64420C2F2000090
:10BD7000807B02F0E1FD00284DD1FFE741F6201164
:10BD8000C2F2000162200871032002F093F900283A
:10BD900040D0FFE740F20400C2F200000F9046F2EC
:10BDA0009871016001686A4603201190506140F665
:10BDB0004420C2F2000000F10D071761461CD66056
:10BDC00000259560022454604CF6CD40C3F6CC604B
:10BDD000109010604FF4FA5212924FF4FA731393CA
:10BDE000204603F051FF0F99DDF840C01198129AD8
:10BDF000139B0968EE46CEF81400CEF81070CEF80A
:10BE00000C60CEF80850CEF80440CEF800C003F025
:10BE10003BFFFFE7FFE75FE040F64420C2F200008F
:10BE2000807B02F089FD002854D1FFE741F6201104
:10BE3000C2F2000162200871032002F03BF90028E1
:10BE400047D0FFE741F62010C2F20000817C90F855
:10BE5000200040EA012140F20400C2F200000A90F2
:10BE6000016001686A4603200C90506140F644204E
:10BE7000C2F2000000F10D071761461CD6600025D4
:10BE80009560022454604CF6CD40C3F6CC600B9014
:10BE9000106042F6E0620D924FF4FA730E93204662
:10BEA00003F0F2FE0A99DDF82CC00C980D9A0E9B57
:10BEB0000968EE46CEF81400CEF81070CEF80C608B
:10BEC000CEF80850CEF80440CEF800C003F0DCFEF7
:10BED000FFE7FFE700E0FFE727B0F0BD80B584B0E3
:10BEE0008DF80F009DF80F1040F60C00C2F2000014
:10BEF00000EB411002900298807C01280ED1FFE7F0
:10BF00009DF80F0000EBC0014FF4464000EB4102EA
:10BF1000022011210923FEF761F80CE00298807CD1
:10BF2000022807D1FFE7029840690190019900209B
:10BF30000870FFE7FFE704B080BD000084B08DF813
:10BF40000E0002918DF807208DF806309DF80E0046
:10BF5000012804DBFFE7FF208DF80F00C2E09DF809
:10BF60000E1040F60C00C2F2000000EB41100090F1
:10BF70000098007802999DF807209DF806301A4035
:10BF800088540098807C02999DF8072001329DF822
:10BF900006301A4088540098407802999DF807208E
:10BFA00002329DF806301A40885400988078029931
:10BFB0009DF8072003329DF806301A4088540098F7
:10BFC000C07902999DF8072004329DF806301A4086
:10BFD00088540098C08802999DF8072005329DF882
:10BFE00006301A40885400984068000A02999DF86B
:10BFF000072006329DF806301A40885400984068A1
:10C0000002999DF8072007329DF806301A4088549F
:10C010000098C07A02999DF8072008329DF80630F2
:10C020001A4088540098408902999DF807200932E7
:10C030009DF806301A40885400988068000A0299DA
:10C040009DF807200A329DF806301A40885400985F
:10C05000806802999DF807200B329DF806301A403F
:10C0600088540098C07B02999DF807200C329DF8F7
:10C0700006301A4088540098C08902999DF807201C
:10C080000D329DF806301A4088540098C068000AA6
:10C0900002999DF807200E329DF806301A40885408
:10C0A0000098C06802999DF807200F329DF806306D
:10C0B0001A4088540098007C02999DF8072010329D
:10C0C0009DF806301A4088540098407C02999DF8EB
:10C0D000072011329DF806301A40885412208DF83E
:10C0E0000F00FFE79DF90F0004B0704784B08DF892
:10C0F0000E0002918DF807208DF806309DF80E0095
:10C10000012804DBFFE7FF208DF80F00A6E09DF873
:10C110000E1040F60C00C2F2000000EB411000903F
:10C1200002989DF807109DF806201140405C009988
:10C13000087002989DF8071001319DF80620114003
:10C14000405C0099887402989DF8071002319DF8B0
:10C1500006201140405C0099487002989DF8071035
:10C1600003319DF806201140405C009988700299C7
:10C170009DF80720101D9DF806301840085C000649
:10C1800002F1050C0CEA030C11F80CC040EA0C405B
:10C1900002F1060C0CEA030C11F80CC040EA0C206A
:10C1A00007321A40895C08440099486002999DF85A
:10C1B000072002F108009DF806301840085C0006D0
:10C1C00002F1090C0CEA030C11F80CC040EA0C4017
:10C1D00002F10A0C0CEA030C11F80CC040EA0C2026
:10C1E0000B321A40895C08440099886002999DF8D6
:10C1F000072002F10C009DF806301840085C00068C
:10C2000002F10D0C0CEA030C11F80CC040EA0C40D2
:10C2100002F10E0C0CEA030C11F80CC040EA0C20E1
:10C220000F321A40895C08440099C86002989DF852
:10C23000071010319DF806201140405C00990874E9
:10C2400002989DF8071011319DF806201140405CBE
:10C250000099487412208DF80F00FFE79DF90F0038
:10C2600004B0704780B588B000208DF81F008DF8AD
:10C270001F00FFE79DF81F00002800F3B380FFE7D1
:10C280009DF81F1040F60C00C2F2000000EB4110B8
:10C29000069006980078032838D1FFE70698C06911
:10C2A0000590F5F789FF0146059888422DD8FFE7EC
:10C2B0000698807830B9FFE79DF81F00012100F053
:10C2C00093F805E09DF81F00002100F08DF8FFE7CE
:10C2D0000699087C013008740699087C497C8842DC
:10C2E00008DBFFE70699002008709DF81F00FFF7A4
:10C2F000F5FD09E0F5F760FF0699CA681044C861CA
:10C30000069902200870FFE7FFE764E006980078CE
:10C3100002280FD1FFE70698C0690490F5F74CFF9B
:10C3200001460498884204D8FFE706990120087066
:10C33000FFE74FE00698007805281BD1FFE7069835
:10C34000806840B9FFE70699002008709DF81F003B
:10C35000FFF7C4FD0DE0069880680390F5F72CFF09
:10C360000146039808440699C8610699032008709D
:10C37000FFE72EE006980078042815D1FFE706981D
:10C38000C0690290F5F718FF0146029888420AD862
:10C39000FFE79DF81F000699497800F025F80699F7
:10C3A00005200870FFE713E00698007801280ED1F9
:10C3B000FFE7069840680190F5F7FEFE01460198F8
:10C3C00008440699C861069904200870FFE7FFE752
:10C3D000FFE7FFE7FFE7FFE79DF81F0001308DF85B
:10C3E0001F0047E708B080BD80B582B08DF8070018
:10C3F0008DF806109DF8070050B9FFE79DF806205C
:10C4000041F20000C4F201002021F5F7BDFE00E07A
:10C41000FFE79DF806009DF8072040F60C01C2F2E8
:10C42000000101EB4211887002B080BD80B584B07C
:10C430008DF80F009DF80F0000EBC00140F62C00B6
:10C44000C2F2000000EB810002900298007B0128FC
:10C450000ED1FFE79DF80F00C0EBC0014CF2D050A9
:10C4600000EB4102022011210723FDF7B7FD0CE08C
:10C470000298007B022807D1FFE70298006901902B
:10C48000019900200870FFE7FFE704B080BD0000BD
:10C4900080B582B000208DF80700FFE79DF8070007
:10C4A000022838DCFFE79DF80700014600910328C9
:10C4B00024D80099DFE801F0020A121A41F2506014
:10C4C000C2F200000021F8F7F3FC18E041F25060DE
:10C4D000C2F200000421F8F7EBFC10E041F25060DA
:10C4E000C2F200000821F8F7E3FC08E041F25060D6
:10C4F000C2F200000C21F8F7DBFC00E0FFE79DF83A
:10C500000700002100F028FAFFE79DF8070001303E
:10C510008DF80700C2E702B080BD000084B08DF83E
:10C520000E0002918DF807208DF806309DF80E0060
:10C53000032804DBFFE7FF208DF80F0091E09DF852
:10C540000E0000EBC00140F62C00C2F2000000EB30
:10C55000810000900098007802999DF807209DF8CE
:10C5600006301A4088540098007B02999DF80720F5
:10C5700001329DF806301A4088540098C07802991C
:10C580009DF8072002329DF806301A408854009822
:10C59000407802999DF8072004329DF806301A4031
:10C5A00088540098807802999DF8072005329DF8FC
:10C5B00006301A4088540098C07902999DF80720E7
:10C5C00006329DF806301A4088540098C0880299B7
:10C5D0009DF8072007329DF806301A4088540098CD
:10C5E0004068000A02999DF8072008329DF806303D
:10C5F0001A4088540098406802999DF80720093233
:10C600009DF806301A4088540098C07A02999DF827
:10C6100007200A329DF806301A4088540098408955
:10C6200002999DF807200B329DF806301A40885475
:10C6300000988068000A02999DF807200C329DF846
:10C6400006301A4088540098806802999DF80720A7
:10C650000D329DF806301A4088540E208DF80F00D8
:10C66000FFE79DF90F0004B07047000085B08DF81A
:10C67000120003918DF80B208DF80A309DF81200FE
:10C68000032804DBFFE7FF208DF8130083E09DF80B
:10C69000120000EBC00140F62C00C2F2000000EBDB
:10C6A0008100019003989DF80B109DF80A2011401D
:10C6B000405C0199087003989DF80B1001319DF8BA
:10C6C0000A201140405C0199087303989DF80B10F3
:10C6D00002319DF80A201140405C0199C87003980E
:10C6E0009DF80B1004319DF80A201140405C01991F
:10C6F000487001984078642804DCFFE7019840788E
:10C70000009002E064200090FFE7009801994870D3
:10C7100003999DF80B20901D9DF80A301840085C85
:10C72000000602F1070C0CEA030C11F80CC040EAF9
:10C730000C4002F1080C0CEA030C11F80CC040EAA2
:10C740000C2009321A40895C084401994860039919
:10C750009DF80B2002F10A009DF80A301840085C91
:10C76000000602F10B0C0CEA030C11F80CC040EAB5
:10C770000C4002F10C0C0CEA030C11F80CC040EA5E
:10C780000C200D321A40895C0844019988600E2003
:10C790008DF81300FFE79DF9130005B07047000006
:10C7A00080B588B000208DF81F008DF81F00FFE7CE
:10C7B0009DF81F00022800F38280FFE79DF81F000C
:10C7C00000EBC00140F62C00C2F2000000EB81003B
:10C7D000069006980078022819D1FFE7069880692C
:10C7E0000590F5F7E9FC0146059888420ED8FFE769
:10C7F0009DF81F000021049100F0AEF804980699FE
:10C8000008709DF81F00FFF711FEFFE750E0069843
:10C81000007803282CD1FFE7069880690390F5F78C
:10C82000CBFC01460398884221D8FFE79DF81F0002
:10C830000699497800F090F80698806840B9FFE7BB
:10C840000699002008709DF81F00FFF7EFFD0DE02E
:10C85000069880680290F5F7AFFC014602980844FC
:10C8600006998861069902200870FFE7FFE71EE03D
:10C8700006980078012819D1FFE79DF81F000021D4
:10C8800000F06AF8069840680190F5F795FC0146BB
:10C8900001980844069988610699032008709DF85C
:10C8A0001F000699C97800F00DF8FFE7FFE7FFE7E2
:10C8B000FFE79DF81F0001308DF81F0078E708B0F2
:10C8C00080BD000080B582B08DF807008DF806109D
:10C8D0009DF807000146009103282CD80099DFE855
:10C8E00001F0020C16209DF8062041F20000C4F26F
:10C8F00001000821F5F748FC1EE09DF8062041F2F2
:10C900000000C4F201000421F5F73EFC14E09DF89C
:10C91000062041F20000C4F201000221F5F734FCC8
:10C920000AE09DF8062041F20000C4F20100012156
:10C93000F5F72AFC00E0FFE79DF806009DF80710D8
:10C9400001EBC10240F62C01C2F2000101EB8201B1
:10C95000C87002B080BD000082B08DF80700ADF84D
:10C9600004109DF8070001460091032828D800997B
:10C97000DFE801F0020B141DBDF8040041F2506124
:10C98000C2F20001096848631BE0BDF8040041F2EF
:10C990005061C2F200010968886312E0BDF804002A
:10C9A00041F25061C2F200010968C86309E0BDF8B4
:10C9B000040041F25061C2F200010968086400E01D
:10C9C000FFE79DF804009DF8071001EBC10240F657
:10C9D0002C01C2F2000101EB8201887002B07047A5
:10C9E00081B000208DF803008DF80300FFE79DF86B
:10C9F0000300022810DCFFE79DF80300020140F667
:10CA00009801C2F2000100208854FFE79DF803005E
:10CA100001308DF80300EAE701B0704780B500F0FF
:10CA200053F800F091F800F013F800F00FF800F060
:10CA300049F800F04BF841F61410C2F2000000680B
:10CA4000012101800F2003F01FFF80BD704700000F
:10CA500080B582B000208DF80700FFE79DF8070041
:10CA600002282DDCFFE79DF8070000EBC00140F62F
:10CA70002C00C2F2000000EB81000090009890F8BA
:10CA80002000B0B1FFE79DF80700009991F8211050
:10CA9000FFF762FFF5F790FB0099CA6910448861BF
:10CAA000009991F8200008700099002081F820007A
:10CAB000FFE7FFE79DF8070001308DF80700CDE79D
:10CAC00002B080BD704700007047000080B582B0A2
:10CAD00000208DF80700FFE79DF80700072831DCEC
:10CAE000FFE79DF8070000EB400140F6FC30C2F282
:10CAF000000000EB811000900098007802281AD105
:10CB0000FFE70098407830B9FFE70098416B9DF847
:10CB1000070088470BE000984078012806D1FFE71E
:10CB20000098D0F8B800F7F733FEFFE7FFE7009969
:10CB300001200870FFE7FFE79DF8070001308DF83E
:10CB40000700C9E702B080BD7047000080B582B021
:10CB500000208DF80700FFE79DF80700022824DC7D
:10CB6000FFE79DF8071040F69800C2F2000000EBC6
:10CB7000011000900098007801280FD1FFE700997C
:10CB8000486800880989884208D0FFE70098C06893
:10CB900080470099486800880881FFE7FFE79DF813
:10CBA000070001308DF80700D6E741F61410C2F2F5
:10CBB000000000680088812803D1FFE7FFF72EFFFF
:10CBC0000CE041F61410C2F20000006800888028D2
:10CBD00003D1FFE700F004F8FFE7FFE702B080BDF4
:10CBE00080B500F067F800F0CDF800F013F800F021
:10CBF0000FF800F05DF800F05FF841F61410C2F293
:10CC000000000068002101800F2003F03DFE80BD80
:10CC10007047000080B584B000208DF80F00FFE75A
:10CC20009DF80F00022840DCFFE79DF80F0000EBA5
:10CC3000C00140F62C00C2F2000000EB810002901F
:10CC40000298007850B3FFE70299887881F82100B4
:10CC50009DF80F000021FFF77FFE02988069019088
:10CC6000F5F7AAFA0146019888420BD3FFE702982C
:10CC700080690090F5F7A0FA01460098401A0299E1
:10CC8000C86103E002990020C861FFE702990878B3
:10CC900081F82000029900200870FFE7FFE79DF867
:10CCA0000F0001308DF80F00BAE704B080BD00001E
:10CCB000704700007047000080B582B000208DF8FA
:10CCC0000700FFE79DF80700072859DCFFE79DF8FC
:10CCD000070000EB400140F6FC30C2F2000000EB20
:10CCE0008110009000980078012842D1FFE7009859
:10CCF000407848BBFFE7009903200870009991F83D
:10CD0000A500013000F0070081F8A4000098016B35
:10CD10009DF807008847009991F8A500013000F0C0
:10CD2000070081F8A500009991F8A50000EB4000EC
:10CD300001EB80004430C1F8B4000099D1F8B40090
:10CD40008068C1F8B00013E00098407801280ED147
:10CD5000FFE70099022008700098D0F8B800F7F7B4
:10CD600029FD9DF80700002102F078FFFFE7FFE7AB
:10CD7000FFE7FFE79DF8070001308DF80700A1E706
:10CD800002B080BD7047000080B582B0019001986C
:10CD900040F6C801C2F2000101F1180201F13403AA
:10CDA0000121F4F7B1F802B080BD000083B08DF826
:10CDB0000B009DF80B0000EB400140F60C10C2F296
:10CDC000000000EBC10001900198007B012801D117
:10CDD000FFE70CE00198007B022807D1FFE70198EC
:10CDE00000690090009900200870FFE7FFE703B09A
:10CDF0007047000080B584B000208DF80F008DF8DA
:10CE00000F00FFE79DF80F0003282ADCFFE79DF8DD
:10CE10000F0000EB400140F60C10C2F2000000EBE6
:10CE2000C100029002980078012813D1FFE7029810
:10CE300040680190F5F7C0F901460198884208D88A
:10CE4000FFE79DF80F00FFF7B1FF0299002008707F
:10CE5000FFE7FFE7FFE79DF80F0001308DF80F00B7
:10CE6000D0E704B080BD000082B08DF807008DF8D7
:10CE70000610009200999DF8070000EB800240F632
:10CE80006C10C2F2000040F822109DF8071001EB70
:10CE9000810100EB8102A02111719DF8071001EBC7
:10CEA000810100EB8101A120487102B070470000B0
:10CEB00080B588B08DF81F0006918DF817208DF889
:10CEC00016309DF81F100020009010220DF1050370
:10CED00000F052F800988DF81500FFE79DF8150056
:10CEE0000F2814DCFFE79DF815300DF10500C05C3C
:10CEF00006999DF817201A449DF816301A40885458
:10CF0000FFE79DF8150001308DF81500E6E71020C9
:10CF100008B080BD80B588B08DF81F0006918DF8EF
:10CF200017208DF8163000208DF81500FFE79DF8CA
:10CF300015000F2814DCFFE706989DF817109DF8E0
:10CF4000152011449DF816301940405C0DF1050183
:10CF50008854FFE79DF8150001308DF81500E6E7CD
:10CF60009DF81F100020102200920DF1050300F023
:10CF7000ADF8009808B080BD10B588B08DF81E00DF
:10CF8000ADF81C108DF81B2005939DF81E0000EBDA
:10CF9000800140F66C10C2F2000000EB81000490AA
:10CFA000049800690390F5F707F901460398884251
:10CFB00004D9FFE700208DF81F001CE004990868E1
:10CFC0004979BDF81C20059B9DF81BE0EC466424C4
:10CFD000CCF80840CCF804E0CCF800301023F5F78A
:10CFE0007BFB20B1FFE700208DF81F0003E001204C
:10CFF0008DF81F00FFE79DF81F0008B010BD00006E
:10D0000080B58AB08DF82600ADF824108DF8232065
:10D0100007939DF8260000EB800140F66C10C2F2E9
:10D02000000000EB81000690069800690390F5F778
:10D03000C3F801460398884204D9FFE700208DF821
:10D0400027003FE0069908684979BDF824209DF83B
:10D050002330EC464FF0640ECCF808E0CCF80430F6
:10D060000DF11303CCF800301023F5F735FB20B198
:10D07000FFE700208DF8270024E0079900200860D2
:10D080008DF81700FFE79DF817009DF823108842E0
:10D0900014DAFFE707990868000208609DF8171086
:10D0A0000DF11300425C0799086810440860FFE71F
:10D0B0009DF8170001308DF81700E4E701208DF886
:10D0C0002700FFE79DF827000AB080BD10B588B0A3
:10D0D0008DF81E00ADF81C108DF81B2005939DF8EF
:10D0E0001E0000EB800140F66C10C2F2000000EB65
:10D0F00081000490049800690390F5F75DF80146FB
:10D100000398884204D9FFE700208DF81F0021E032
:10D11000049908680979BDF81C20059B9DF81BE05F
:10D12000EC466424CCF80840CCF804E0CCF800309D
:10D130001023F5F711FD20B1FFE700208DF81F0047
:10D1400008E0F5F739F80A300499086101208DF8F4
:10D150001F00FFE79DF81F0008B010BD80B584B028
:10D1600040F68410C2F20000039000F14C0300204E
:10D1700002909C2104220092FFF742FF009A02993C
:10D1800040F6F410C2F20000019000F1400308469E
:10D19000FFF736FF009A0199029801F14203114608
:10D1A000FFF72EFF009A0199029801F1440308212C
:10D1B000FFF726FF009A0199029801F14803102118
:10D1C000FFF71EFF009A0199029801F14A0314210A
:10D1D000FFF716FF009A0199029801F14C031821FC
:10D1E000FFF70EFF009A0199029801F14E031C21EE
:10D1F000FFF706FF009A0399029801F150032021DE
:10D20000FFF7FEFE009A0399029801F154032421CE
:10D21000FFF7F6FE009A0399029801F15C032821BA
:10D22000FFF7EEFE009A0399029801F160032C21AA
:10D23000FFF7E6FE009A039902984B6D4FEAE37CF4
:10D2400003EB5C73DB108B650B6E4FEAE37C03EB47
:10D250005C73DB104B6601F168033021FFF7D0FEF1
:10D26000009A0399029801F16A033421FFF7C8FE7E
:10D27000009A0399029801F16C033821FFF7C0FE70
:10D28000019A0299039841F62013C2F20003036049
:10D29000D0F800C002208CF8000003F1280C41F601
:10D2A0001413C2F20003C3F800C0D3F800C0012376
:10D2B000ACF8003082F8361000F0FCFE38B9FFE719
:10D2C00040F68011C2F200010220087006E040F62C
:10D2D0008011C2F2000100200870FFE704B080BD99
:10D2E00080B582B000208DF807008DF80700FFE7B9
:10D2F0009DF80700032815DCFFE79DF8070000EB09
:10D30000400140F64420C2F2000008444078012861
:10D3100001D1FFE737E0FFE79DF8070001308DF806
:10D320000700E5E741F62010C2F2000090F8220065
:10D3300001460091012804D0FFE7009802280DD093
:10D3400019E0FDF711FDFDF73BFFFEF747FBFEF788
:10D3500019F9FEF7CFF9FEF787FA14E0FDF730FF71
:10D36000FEF73CFBFDF700FDFEF70CF9FEF7C2F9F6
:10D37000FEF77AFA07E041F62011C2F2000101201F
:10D3800081F82200FFE702B080BD000080B500F008
:10D390000DF841F62010C2F200000078632803D196
:10D3A000FFE7FFF79DFFFFE780BD000070B5E6B027
:10D3B00000208DF897018DF89701FFE79DF8970100
:10D3C000032816DCFFE79DF8970100EB400140F6CB
:10D3D0005320C2F2000008444078012802D1FFE740
:10D3E00000F016BDFFE79DF8970101308DF8970119
:10D3F000E4E7FBF7FDFA0F2000F05CFE08BBFFE757
:10D40000002000F057FEE0B9FFE7022000F052FED6
:10D41000B8B9FFE70A2000F04DFE90B9FFE70820F9
:10D4200000F048FE68B9FFE70C2000F043FE40B969
:10D43000FFE741F62011C2F20001012081F8260029
:10D44000FFE741F62010C2F20000007801380146E3
:10D450005E91042800F25A825E99DFE811F005001F
:10D460008700F8006701E70141F62011C2F20001D0
:10D470005C916220087001205D9081F822000020FC
:10D480005990887188700871087588750876FFF75B
:10D49000C5FA599B5D9968465490032258920262DE
:10D4A00040F65322C2F2000202F10D05C561541C80
:10D4B0008461436102225A920261C3604FF0FF32DD
:10D4C0005792826041600360184619461A4603F07D
:10D4D0005FF9DDF868C1579A599B5D98DDF860E106
:10D4E00069465591C1F820E0CD618C614B61C1F86E
:10D4F00010C0CB608A6048600B6019461A4603F082
:10D5000047F95A98DDF85CC1599B5D9ADDF860E1F6
:10D5100069465691C1F820E0CD618C614B6108618C
:10D52000CB60C1F808C04A600B6019461A4603F088
:10D530002FF9DDF85CC15898599B5D99DDF868E1D9
:10D540006A465B921062D56194615361C2F810E043
:10D55000D360C2F808C0516013601A4603F018F98E
:10D560005C995D9863220A708873D0E141F62011BE
:10D57000C2F2000162200870FFF732FB6A464B924C
:10D5800003205090106240F65320C2F2000000F1D8
:10D590000D05D561441C9461002351935361022011
:10D5A00052901061D3604FF0FF314E919160012194
:10D5B0004F91516013601A4603F0EAF8DDF848C154
:10D5C0004E9A4F99519BDDF840E168464C90C0F867
:10D5D00020E0C56184614361C0F810C0C36082600F
:10D5E0004160036018461A4603F0D2F8DDF848C1DE
:10D5F0004E9A4F98519BDDF840E169464D91C1F834
:10D6000020E0CD618C614B61C1F810C0CB608A60B5
:10D6100048600B6019461A4603F0BAF8DDF838C1C5
:10D620004F9A5098519BDDF848E169465391086242
:10D63000CD618C614B61C1F810E0CB60C1F808C0CE
:10D640004A600B6019461A4603F0A2F85FE141F602
:10D650002011C2F200016120087068464290032147
:10D660004791016240F65321C2F2000101F10D051C
:10D67000C5614C1C84610023489343610221499198
:10D680000161C3604FF0FF314591816001214691F6
:10D690004160036018461A4603F07AF8DDF824C1A9
:10D6A000459A4698489BDDF81CE169464391C1F8CC
:10D6B00020E0CD618C614B61C1F810C0CB608A6005
:10D6C00048600B6019461A4603F062F84998DDF885
:10D6D00014C14699489BDDF81CE16A464492C2F8A1
:10D6E00020E0D561946153611061D360C2F808C035
:10D6F000516013601A4603F04BF8DDF814C1469AE6
:10D700004798489BDDF824E169464A910862CD615B
:10D710008C614B61C1F810E0CB60C1F808C04A6071
:10D720000B6019461A4603F033F8F0E041F6201179
:10D73000C2F200014091632008700120419081F8FD
:10D74000220000203D9088718870087108758875E6
:10D750000876FFF763F93D9B4199684638900322AC
:10D760003C92026240F65322C2F2000202F10D0521
:10D77000C561541C8461436102223E920261C36010
:10D780004FF0FF323B9282604160036018461946B9
:10D790001A4602F0FDFFDDF8F8C03B9A3D9B419828
:10D7A000DDF8F0E069463991C1F820E0CD618C6187
:10D7B0004B61C1F810C0CB608A6048600B601946AD
:10D7C0001A4602F0E5FF3E98DDF8ECC03D9B419A19
:10D7D000DDF8F0E069463A91C1F820E0CD618C6156
:10D7E0004B610861CB60C1F808C04A600B60194604
:10D7F0001A4602F0CDFFDDF8ECC03C983D9B419904
:10D80000DDF8F8E06A463F921062D5619461536199
:10D81000C2F810E0D360C2F808C0516013601A4625
:10D8200002F0B6FF40994198887370E041F62011EC
:10D83000C2F200016320087068462F9003213391E3
:10D84000016240F65321C2F2000101F10D05C561EC
:10D850004C1C8461002335934361022136910161A0
:10D86000C3604FF0FF3132918160012134914160FA
:10D870000360184619461A4602F08AFF3698DDF80A
:10D88000C8C0349A359BDDF8CCE069463091C1F8C8
:10D8900020E0CD618C614B610861CB60C1F808C0AC
:10D8A0004A600B6019461A4602F072FFDDF8D8C0D4
:10D8B000329A3498359BDDF8CCE069463191C1F855
:10D8C00020E0CD618C614B61C1F810C0CB608A60F3
:10D8D00048600B6019461A4602F05AFFDDF8C8C0CE
:10D8E00033983499359BDDF8D8E06A463792106258
:10D8F000D56194615361C2F810E0D360C2F808C0EA
:10D90000516013601A4602F043FF00E0FFE741F662
:10D910002010C2F20000807A01462E91092800F200
:10D9200054822E99DFE811F00A002E009000B40016
:10D93000D700FA001E0180018D01EF0141F6201190
:10D94000C2F200016320887268462D9003210162B3
:10D9500040F65321C2F2000101F10D02C261013112
:10D9600081610022426102210161C2604FF0FF31FA
:10D970008160012141604FF4FA730360082002F0D6
:10D9800007FF23E241F62011C2F200012B91622031
:10D990008872684625900326066240F65321C2F23B
:10D9A000000101F10D05C5614C1C846100222A9221
:10D9B0004261022128910161C2604FF0FF3126913E
:10D9C000816001212C9141600A23279303600B2081
:10D9D00002F0DEFEDDF898C0279B2A9A2C99DDF82C
:10D9E000A0E0684629900662C56184614261C0F882
:10D9F00010E0C260C0F808C041600360184602F041
:10DA0000C7FE2A982C9941F61112C2F20002117039
:10DA100000F082FF2B9902462C986492649AD317E7
:10DA200002EB136212126392649AD31702EB136330
:10DA300023F0FF03D21A6292639A0A72629A0A74FE
:10DA400063228A728876C1E141F62011C2F2000198
:10DA500063208872684624900321016240F65321B6
:10DA6000C2F2000101F10D02C261013181610023A6
:10DA7000436102210161C3604FF0FF3181600121E8
:10DA800041600360082019461A4602F081FE9DE1BC
:10DA900041F62011C2F2000163208872684623908B
:10DAA0000321016240F65321C2F2000101F10D028F
:10DAB000C261013181610023436102210161C360C0
:10DAC0004FF0FF31816001214160036008201A4658
:10DAD00002F05EFE7AE141F62011C2F200016320FD
:10DAE0008872684622900321016240F65321C2F2F7
:10DAF000000101F10D02C261013181610023436126
:10DB000002210161C3604FF0FF318160012141605A
:10DB1000036004201A4602F03BFE57E141F6201153
:10DB2000C2F20001632088726846219003210162DD
:10DB300040F65321C2F2000101F10D02C261013130
:10DB400081610023436102210161C3604FF0FF3115
:10DB50008160012141600360042019461A4602F0E9
:10DB600017FE33E141F62011C2F200011F9162203D
:10DB70008872684619900326066240F65321C2F265
:10DB8000000101F10D05C5614C1C846100221E924B
:10DB9000426102211C910161C2604FF0FF311A9174
:10DBA00081600121209141600A231B9303600C20B6
:10DBB00002F0EEFDDDF868C01B9B1E9A2099DDF88F
:10DBC00070E068461D900662C56184614261C0F8DC
:10DBD00010E0C260C0F808C041600360184602F05F
:10DBE000D7FD1E98209941F61112C2F20002117061
:10DBF00000F092FE1F99024620986492649AD3170F
:10DC000002EB136212126392649AD31702EB13634E
:10DC100023F0FF03D21A6292639A0A72629A0A741C
:10DC200063228A728876D1E041F62011C2F20001A7
:10DC30006320887241F61111C2F2000100200870C1
:10DC4000C4E041F62011C2F20001179162208872EF
:10DC5000684611900326066240F65321C2F2000185
:10DC600001F10D05C5614C1C8461002216924261D0
:10DC7000022114910161C2604FF0FF311291816065
:10DC80000121189141600A23139303600E2002F0D2
:10DC90007FFDDDF848C0139B169A1899DDF850E017
:10DCA000684615900662C56184614261C0F810E063
:10DCB000C260C0F808C0416003600D2002F068FD3A
:10DCC0001698189941F61112C2F20002117000F074
:10DCD00023FE1799024618986492649AD31702EBB0
:10DCE000136212126392649AD31702EB136323F048
:10DCF000FF03D21A6292639A0A72629A0A746322CA
:10DD00008A72887662E041F62011C2F200010F911A
:10DD100062208872684609900326066240F6532105
:10DD2000C2F2000101F10D05C5614C1C84610022A5
:10DD30000E92426102210C910161C2604FF0FF31ED
:10DD40000A9181600121109141600A230B930360C5
:10DD50000F2002F01DFDDDF828C00B9B0E9A1099D4
:10DD6000DDF830E068460D900662C561846142616D
:10DD7000C0F810E0C260C0F808C0416003600D2028
:10DD800002F006FD0E98109941F61112C2F200023F
:10DD9000117000F0C1FD0F99024610986492649AC8
:10DDA000D31702EB136212126392649AD31702EB39
:10DDB000136323F0FF03D21A6292639A0A72629A83
:10DDC0000A7463228A72887600E0FFE741F6111038
:10DDD000C2F200000078D8B9FFE7002000F09CFDF7
:10DDE00061906198C11700EB11600012609061981A
:10DDF000C11700EB116121F0FF01401A5F9060989C
:10DE000041F62011C2F2000108725F980874FFE722
:10DE100066B070BD80B584B08DF80F009DF80F001E
:10DE200000EB400140F66420C2F2000000EBC100AC
:10DE300002900298C07A01280ED1FFE79DF80F00EA
:10DE400000EB80014CF2503000EB41020220112126
:10DE50000523FCF7C3F80CE00298C07A022807D12A
:10DE6000FFE70298C0680190019900200870FFE761
:10DE7000FFE704B080BD000080B582B000208DF8BF
:10DE800007008DF80700FFE79DF80700102816DC53
:10DE9000FFE79DF9070000F00DF99DF8071001EB71
:10DEA000410240F66421C2F2000101EBC201887216
:10DEB000FFE79DF8070001308DF80700E4E702B0A6
:10DEC00080BD000084B08DF80E0002918DF807200F
:10DED0008DF806309DF80E00112804DBFFE7FF20C7
:10DEE0008DF80F0068E09DF80E0000EB400140F651
:10DEF0006420C2F2000000EBC1000090009800789E
:10DF000002999DF807209DF806301A408854009821
:10DF1000C07A02999DF8072001329DF806301A4018
:10DF200088540098807A02999DF8072002329DF863
:10DF300006301A4088540098C07902999DF807204D
:10DF400004329DF806301A4088540098C08802991F
:10DF50009DF8072005329DF806301A408854009835
:10DF60004068000A02999DF8072006329DF80630A5
:10DF70001A4088540098406802999DF8072007329B
:10DF80009DF806301A4088540098407A02999DF80E
:10DF9000072008329DF806301A40885400980089FE
:10DFA00002999DF8072009329DF806301A408854DE
:10DFB0000A208DF80F00FFE79DF90F0004B07047AD
:10DFC00084B08DF80E0002918DF807208DF8063090
:10DFD0009DF80E00112804DBFFE7FF208DF80F00ED
:10DFE00053E09DF80E0000EB400140F66420C2F2C1
:10DFF000000000EBC100009002989DF807109DF80A
:10E0000006201140405C0099087002989DF80710A6
:10E0100001319DF806201140405C0099C8720299B8
:10E020009DF80720101D9DF806301840085C00067A
:10E0300002F1050C0CEA030C11F80CC040EA0C408C
:10E0400002F1060C0CEA030C11F80CC040EA0C209B
:10E0500007321A40895C08440099486002989DF88C
:10E06000072002F108019DF806301940415C093291
:10E070001A40805C40EA0120009908810099012043
:10E08000C8720A208DF80F00FFE79DF90F0004B059
:10E090007047000081B08DF803009DF9030000EB8C
:10E0A000400140F66420C2F2000000EBC100807A1B
:10E0B00001B0704780B582B08DF806009DF906006A
:10E0C00050B9FFE741F20040C4F201000121F4F72A
:10E0D00043F88DF80700FBE09DF9060001280AD1FE
:10E0E000FFE741F20040C4F201000221F4F734F8E6
:10E0F0008DF80700ECE09DF9060002280AD1FFE741
:10E1000042F20000C4F201000421F4F725F88DF872
:10E110000700DDE09DF9060003280AD1FFE741F280
:10E120000040C4F201000821F4F716F88DF807004A
:10E13000CEE09DF9060004280AD1FFE741F2004035
:10E14000C4F201001021F4F707F88DF80700BFE0D2
:10E150009DF9060005280AD1FFE741F20040C4F20C
:10E1600001002021F3F7F8FF8DF80700B0E09DF9DA
:10E17000060006280AD1FFE741F20040C4F2010080
:10E180004021F3F7E9FF8DF80700A1E09DF90600B3
:10E1900007280AD1FFE741F20040C4F201008021C4
:10E1A000F3F7DAFF8DF8070092E09DF906000828E2
:10E1B0000BD1FFE740F60000C4F201004FF480717C
:10E1C000F3F7CAFF8DF8070082E09DF906000928E1
:10E1D0000BD1FFE742F20000C4F201004FF40071DE
:10E1E000F3F7BAFF8DF8070072E09DF906000A28E0
:10E1F0000BD1FFE742F20000C4F201004FF480614E
:10E20000F3F7AAFF8DF8070062E09DF906000B28DE
:10E210000BD1FFE742F20000C4F201004FF40061AD
:10E22000F3F79AFF8DF8070052E09DF906000C28DD
:10E230000BD1FFE742F20000C4F201004FF480511D
:10E24000F3F78AFF8DF8070042E09DF906000D28DC
:10E250000BD1FFE742F20000C4F201004FF400517D
:10E26000F3F77AFF8DF8070032E09DF906000E28DB
:10E270000BD1FFE742F20000C4F201004FF48041ED
:10E28000F3F76AFF8DF8070022E09DF906000F28DA
:10E290000BD1FFE742F20000C4F201004FF400414D
:10E2A000F3F75AFF8DF8070012E0FFE7FFE7FFE7FB
:10E2B000FFE7FFE7FFE7FFE7FFE7FFE7FFE7FFE72E
:10E2C000FFE7FFE7FFE7FFE700208DF80700FFE724
:10E2D0009DF8070002B080BD80B584B000208DF8A5
:10E2E0000F008DF80F00FFE79DF80F00102851DC9C
:10E2F000FFE79DF80F0000EB400140F66420C2F2FA
:10E30000000000EBC100029002980078012817D1AC
:10E31000FFE70298406820B9FFE7029903200870E0
:10E320000DE0029840680190F3F746FF014601981E
:10E33000084402994861029902200870FFE722E030
:10E340000298007802280FD1FFE7029840690090F8
:10E35000F3F732FF01460098884204D8FFE702999C
:10E3600003200870FFE70DE002980078032808D129
:10E37000FFE70299002008709DF80F00FFF74AFDA3
:10E38000FFE7FFE7FFE7FFE79DF80F0001308DF89B
:10E390000F00A9E704B080BD81B08DF803008DF8AF
:10E3A00002109DF802109DF8030000EB400240F6B9
:10E3B0006420C2F2000000EBC20291729DF80310CB
:10E3C00001EB410100EBC10108890130088101B076
:10E3D0007047000084B0ADF80C00ADF80A1001924F
:10E3E0000093BDF80C004CF25031884239DBFFE756
:10E3F000BDF80C004CF24F41884232DCFFE7BDF81B
:10E400000C0047F28822C1F699124CF6CD41CCF6A9
:10E41000CC4100FB01204FEA700049F69811C1F68B
:10E420009911884205D8FFE7BDF80A00052804D0F5
:10E43000FFE700208DF80F0022E1BDF80C004CF240
:10E440005031401A46F26761C6F2666180FB0101F5
:10E45000880800EBD17001990870009900200870BD
:10E460000AE1BDF80C004CF25041884239DBFFE76D
:10E47000BDF80C004CF2CF51884232DCFFE7BDF80A
:10E480000C004AF28852C4F6CC424CF6CD41CCF690
:10E49000CC4100FB01204FEAB0004CF6CC41C0F665
:10E4A000CC41884205D8FFE7BDF80A000A2804D00D
:10E4B000FFE700208DF80F00E2E0BDF80C004CF201
:10E4C0005041401A46F26761C6F2666180FB010165
:10E4D000C80800EBD17001990870009901200870FC
:10E4E000C9E0BDF80C004CF2D051884239DBFFE79F
:10E4F000BDF80C00B0F5464F33DAFFE7BDF80C006D
:10E5000042F6E242CAF2924246F6B751CBF2DB61E2
:10E5100000FB01204FEA700042F29241C1F2492112
:10E52000884205D8FFE7BDF80A00072804D0FFE7B6
:10E5300000208DF80F00A3E0BDF80C004CF2D05184
:10E54000411A42F29340C9F2492081FB0020014464
:10E55000C80800EBD170019908700099022008707A
:10E5600088E0BDF80C00B0F5464F38DBFFE7BDF89A
:10E570000C004CF21761884231DCFFE7BDF80C005B
:10E580004CF68E52C0F6386248F63961C3F6E301A4
:10E5900000FB01204FEA70004EF28E31C0F6386168
:10E5A000884205D8FFE7BDF80A00092804D0FFE734
:10E5B00000208DF80F0063E0BDF80C00A0F5464088
:10E5C00048F63961C3F6E30180FB0101880800EBDE
:10E5D000D1700199087000990320087049E0BDF8D6
:10E5E0000C004CF21861884238DBFFE7BDF80C00E4
:10E5F000B0F5604F32DAFFE7BDF80C004DF610526F
:10E60000CCF6C46244F6C561CCF2EC4100FB0120BB
:10E610004FEA700049F68851C0F6D811884205D8F3
:10E62000FFE7BDF80A000D2804D0FFE700208DF8B1
:10E630000F0025E0BDF80C004CF21861401A4EF6B0
:10E640004F41C4F6C46180FB0101C80800EBD170E2
:10E650000199087000990420087009E0BDF80C00C9
:10E66000A0F5604001990870009905200870FFE747
:10E67000FFE7FFE7FFE7FFE701208DF80F00FFE767
:10E680009DF80F0004B0704780B58CB084460E989A
:10E69000CDF828C009918DF82320ADF82030ADF8D1
:10E6A0001E00BDF82000BDF81E100DF11D0207ABC5
:10E6B000FFF790FE20B9FFE700208DF82F0083E0E0
:10E6C0009DF81C0001460691052800F27880069905
:10E6D000DFE801F00316293C4F62099802780592A1
:10E6E0009DF81D000A999DF82330FFF7EBFB0146CA
:10E6F000059808449DF823100840099908705FE0C8
:10E700000998027804929DF81D000A999DF823301B
:10E7100001F0A2FD0146049808449DF8231008402A
:10E72000099908704CE00998027803929DF81D0041
:10E730000A999DF82330FDF7F1FE0146039808443D
:10E740009DF8231008400999087039E0099802786B
:10E7500002929DF81D000A999DF82330FDF7EEFB0B
:10E760000146029808449DF8231008400999087052
:10E7700026E00998027801929DF81D000A999DF8FB
:10E78000233000F03BFC0146019808449DF823101B
:10E7900008400999087013E00998027800929DF8E2
:10E7A0001D000A999DF82330FEF782FB0146009870
:10E7B00008449DF8231008400999087000E0FFE71D
:10E7C00001208DF82F00FFE79DF82F000CB080BDD1
:10E7D00080B58CB084460E98CDF828C009918DF88C
:10E7E0002320ADF82030ADF81E00BDF82000BDF8A4
:10E7F0001E100DF11D0207ABFFF7ECFD20B9FFE77E
:10E8000000208DF82F0083E09DF81C000146069142
:10E81000052800F278800699DFE801F00316293C0C
:10E820004F620998027805929DF81D000A999DF89B
:10E830002330FFF7C5FB0146059808449DF82310D7
:10E840000840099908705FE00998027804929DF8E1
:10E850001D000A999DF8233001F0ECFD0146049853
:10E8600008449DF823100840099908704CE0099865
:10E87000027803929DF81D000A999DF82330FDF758
:10E88000F5FE0146039808449DF8231008400999B5
:10E89000087039E00998027802929DF81D000A99E3
:10E8A0009DF82330FDF722FC0146029808449DF8AC
:10E8B000231008400999087026E00998027801920F
:10E8C0009DF81D000A999DF8233000F091FC014647
:10E8D000019808449DF8231008400999087013E036
:10E8E0000998027800929DF81D000A999DF823303E
:10E8F000FEF710FB0146009808449DF823100840DD
:10E900000999087000E0FFE701208DF82F00FFE76C
:10E910009DF82F000CB080BD81B08DF803009DF8EC
:10E92000030000EB400140F6FC30C2F2000000EBB7
:10E930008110806801B0704781B08DF803009DF8A8
:10E94000030000EB4000810140F6FC30C2F2000001
:10E95000405C01B07047000080B58CB08DF82E008F
:10E960009DF82E0000EB400140F6FC30C2F20000A2
:10E9700000EB81100A900A9991F8A40091F8A51073
:10E98000884204D1FFE700208DF82F00E1E00A98CB
:10E9900090F8A41001EB410100EB81004430099094
:10E9A0000A9890F8A410013901F0070101EB410128
:10E9B00000EB8100443008900A99D1F8A800D1F802
:10E9C000AC10884205DAFFE70A980078032857D18F
:10E9D000FFE70898006806900A9840694FF07E515A
:10E9E000F1F7D4FB01460698F1F75AFC0999086043
:10E9F0000998006807900A98C089F1F739FD014627
:10EA00000798F1F7FDFCA0B9FFE7099805900068A9
:10EA1000F1F774FD41F27B42C4F2AE7247F6E12396
:10EA2000C3F68473F1F77AFCF1F749FD0599886024
:10EA300025E00A98C089F1F724FD099908600A9831
:10EA40000078032814D1FFE7099804900068F1F7D3
:10EA500055FD41F27B42C4F2AE7247F6E123C3F6A4
:10EA60008473F1F75BFCF1F72AFD0499886005E0F7
:10EA70000A98D0F8AC0009998860FFE7FFE747E003
:10EA80000898006802900A9840694FF07E51F1F7AB
:10EA90007DFB01460298F1F7D1FB099908600998BE
:10EAA000006803900A98008AF1F7E2FC0146039897
:10EAB000F1F7C2FCE0B9FFE7099801900068F1F7AF
:10EAC0001DFD41F27B42C4F2AE7247F6E123C3F66C
:10EAD0008473F1F723FCF1F7F2FC0199886009983F
:10EAE00082680A99D1F8A8001044C1F8A8000EE085
:10EAF0000A98008AF1F7C5FC099908600A98D0F8CD
:10EB0000A810D0F8AC00401A09998860FFE7FFE729
:10EB100009980090016842F20040C4F6F400F1F751
:10EB2000BFFBF1F7B3FC00998880099882680A99C5
:10EB3000D1F8AC00801AC1F8AC000A9991F8A40091
:10EB4000013000F0070081F8A40001208DF82F00AB
:10EB5000FFE79DF82F000CB080BD000080B58CB0A1
:10EB60008DF82E009DF82E0000EB400140F6FC30A1
:10EB7000C2F2000000EB81100A900A9991F8A400FB
:10EB800091F8A510884204D1FFE700208DF82F00EE
:10EB9000B0E00A9890F8A41001EB410100EB81006D
:10EBA000443009900A9890F8A410013901F0070147
:10EBB00001EB410100EB8100443008900A98007895
:10EBC000042805D0FFE70A98007803283DD1FFE725
:10EBD0000898006806900A9840694FF07E51F1F756
:10EBE000D5FA01460698F1F75BFB09990860099888
:10EBF000006807900A98C089F1F73AFC0146079827
:10EC0000F1F7FEFBA0B9FFE7099805900068F1F75E
:10EC100075FC41F27B42C4F2AE7247F6E123C3F6C3
:10EC20008473F1F77BFBF1F74AFC059988600BE0F0
:10EC30000A98C089F1F725FC099908600A98D0F86C
:10EC4000AC0009998860FFE73BE0089800680390F2
:10EC50000A9840694FF07E51F1F798FA01460398FF
:10EC6000F1F7ECFA099908600998006804900A988D
:10EC7000008AF1F7FDFB01460498F1F7CFFB58B984
:10EC8000FFE70A98008AF1F7FCFB099908600999E7
:10EC90006FF00040886013E0099802900068F1F777
:10ECA0002DFC41F27B42C4F2AE7247F6E123C3F67B
:10ECB0008473F1F733FBF1F702FC02998860FFE7F8
:10ECC000FFE709980190016842F20040C4F6F400A1
:10ECD000F1F7E6FAF1F7DAFB019988800A9991F8E1
:10ECE000A400013000F0070081F8A40001208DF895
:10ECF0002F00FFE79DF82F000CB080BD80B586B0D7
:10ED00008DF817009DF8170000EB400140F6FC302D
:10ED1000C2F2000000EB811004900499002081F8F9
:10ED2000A500049A012182F8A4100499C1F8A80052
:10ED3000049890F90C00012807D1FFE7049948686E
:10ED40008A68801AC1F8AC0006E004994A688868AD
:10ED5000801AC1F8AC00FFE704980190C089F1F770
:10ED600090FB0199486404980290416C42F2004083
:10ED7000C4F67410F1F794FA4FF08041F1F790FA6D
:10ED8000F1F784FB0299A1F8480004980390406CC5
:10ED9000F1F7B4FB41F27B42C4F2AE7247F6E123D5
:10EDA000C3F68473F1F7BAFAF1F789FB0399C864E3
:10EDB0000499CA6CD1F8AC00801AC1F8AC0004996F
:10EDC00001F14400C1F8B4000499D1F8B40080689E
:10EDD000C1F8B0009DF9170001F0EAF806B080BD57
:10EDE00080B586B08DF817009DF8170000EB400144
:10EDF00040F6FC30C2F2000000EB81100490049950
:10EE0000002081F8A500049A012182F8A410049939
:10EE1000C1F8A80004980190C089F1F732FB01996C
:10EE2000486404980290416C42F20040C4F6F40039
:10EE3000F1F736FAF1F72AFB0299A1F84800049895
:10EE40000390406CF1F75AFB41F27B42C4F2AE7280
:10EE500047F6E123C3F68473F1F760FAF1F72FFB6D
:10EE60000399C864049901F14400C1F8B4000499FD
:10EE7000D1F8B4008068C1F8B0009DF9170001F026
:10EE800097F806B080BD000080B584B08DF80F0003
:10EE90009DF80F0000EB400140F6FC30C2F200008C
:10EEA00000EB81100290029890F8380001280DD1F3
:10EEB000FFE79DF80F004CF218621A2100FB0122B7
:10EEC000022011210D23FBF789F80DE0029890F83C
:10EED0003800022807D1FFE70298C06B0190019922
:10EEE00000200870FFE7FFE704B080BD80B586B062
:10EEF0000590059991F8A500013000F0070081F810
:10EF0000A500059991F8A500013000F0070081F8EF
:10EF1000A400059890F8A41001EB410100EB8100DA
:10EF20004430049005994869D1F8B41009680291F9
:10EF30004FF07E51F1F72AF901460298F1F7B0F946
:10EF4000049908600498006803900598C089F1F757
:10EF50008FFA01460398F1F76FFA38B9FFE7059881
:10EF6000C089F1F78EFA04990860FFE704980090D1
:10EF70000068F1F7C3FA41F27B42C4F2AE7247F681
:10EF8000E123C3F68473F1F7C9F9F1F798FA009910
:10EF9000886004980190016842F20040C4F6F400D1
:10EFA000F1F77EF9F1F772FA0199888004980599D2
:10EFB000C1F8B40006B080BD81B000208DF8030018
:10EFC0008DF80300FFE79DF80300072814DCFFE736
:10EFD0009DF8030000EB400140F6FC30C2F2000057
:10EFE00000EB8111FF2081F8BC00FFE79DF80300D2
:10EFF00001308DF80300E6E701B0704780B584B0BA
:10F000008DF80E0002918DF807208DF806309DF8DE
:10F010000E00082804DBFFE7FF208DF80F00E3E077
:10F020009DF80E0000EB400140F6FC30C2F20000FB
:10F0300000EB81100090009890F8380002999DF83C
:10F04000072001329DF806301A4088540098007855
:10F0500002999DF8072002329DF806301A40885424
:10F060000098C07902999DF8072004329DF8063077
:10F070001A4088540098C08802999DF807200532EC
:10F080009DF806301A40885400984068000A02999A
:10F090009DF8072006329DF806301A4088540098E3
:10F0A000406802999DF8072007329DF806301A4003
:10F0B00088540098C07A02999DF8072008329DF87C
:10F0C00006301A4088540098408902999DF807201C
:10F0D00009329DF806301A40885400988068000A6A
:10F0E00002999DF807200A329DF806301A4088548C
:10F0F0000098806802999DF807200B329DF8063031
:10F100001A4088540098C07B02999DF8072010325D
:10F110009DF806301A4088540098C08902999DF8DD
:10F12000072011329DF806301A4088540098407C20
:10F1300002999DF8072012329DF806301A40885433
:10F140000098008A02999DF8072013329DF8063036
:10F150001A408854009840690021C4F2C821F1F790
:10F160006DF8F1F793F902999DF8072014329DF894
:10F1700006301A4088540098007B02999DF80720B9
:10F1800015329DF806301A408854009890F82200F5
:10F1900002999DF8072016329DF806301A408854CF
:10F1A000009890F8230002999DF8072017329DF8E7
:10F1B00006301A408854009890F8270002999DF86C
:10F1C000072018329DF806301A4088540098C08CE9
:10F1D00002999DF8072019329DF806301A4088548C
:10F1E0001A208DF80F00FFE79DF90F0004B080BDD5
:10F1F00080B588B08DF81E0006918DF817208DF827
:10F2000016309DF81E00082804DBFFE7FF208DF86C
:10F210001F0073E19DF81E0000EB400140F6FC303A
:10F22000C2F2000000EB8110039006989DF81710C1
:10F230009DF816201140405C03994870039840786F
:10F24000002840F01E81FFE706989DF81710013155
:10F250009DF816201140405C039981F8380006980B
:10F260009DF8171002319DF816201140405C03995B
:10F27000087006999DF81720101D9DF8163018404B
:10F28000085C000602F1050C0CEA030C11F80CC036
:10F2900040EA0C4002F1060C0CEA030C11F80CC019
:10F2A00040EA0C2007321A40895C08440399486000
:10F2B00006999DF8172002F108009DF816301840B5
:10F2C000085C000602F1090C0CEA030C11F80CC0F2
:10F2D00040EA0C4002F10A0C0CEA030C11F80CC0D5
:10F2E00040EA0C200B321A40895C084404900498D0
:10F2F000002804D4FFE7049803998860FFE7069884
:10F300009DF8172002F110019DF816301940415C5C
:10F3100011321A40805C40EA01200399C8810698A6
:10F320009DF8172002F112019DF816301940415C3A
:10F3300013321A40805C40EA012003990882069843
:10F340009DF8171014319DF816201140405CF1F71C
:10F3500098F80021C4F2C821F0F7A2FF0399486190
:10F3600006989DF8171015319DF816201140405C45
:10F370000399087306989DF8171016319DF816200A
:10F380001140405C039981F8220006989DF81710FF
:10F3900017319DF816201140405C039981F8230035
:10F3A00006989DF8172002F118019DF816301940B3
:10F3B000415C19321A40805C40EA01200399C884FC
:10F3C000039890F92200002820D4FFE70399002039
:10F3D0000885039981F824009DF81E00039991F98E
:10F3E0000C1000F013FC03994FF65510C0F6000006
:10F3F000C86203994EF65D30C0F6000008630399B9
:10F400004EF6E150C0F60000486331E003994868C9
:10F410008968884204D1FFE71A208DF81F006DE04B
:10F42000039948688968884204DDFFE70399012051
:10F43000087303E00399FF200873FFE79DF81E009F
:10F44000039991F90C1000F0E1FB03994EF6591065
:10F45000C0F60000086303994FF23D70C0F600004B
:10F46000C86203994EF6FD40C0F600004863FFE70E
:10F470000398416B9DF81E0088470399012008708E
:10F4800038E006989DF8172002F112019DF8163019
:10F490001940415C13321A40805C40EA0120039914
:10F4A000088206989DF8171014319DF81620114017
:10F4B000405CF0F7E6FF0399486106989DF8171045
:10F4C00015319DF816201140405C039908739DF892
:10F4D0001E0002900398018A009190F90C1001918E
:10F4E0004069F0F7D3FF0099019A0346029800F0B3
:10F4F0001BFBFFE71A208DF81F00FFE79DF91F0097
:10F5000008B080BD81B08DF803009DF8030001288C
:10F5100040F08180FFE740F28810C2F200000068EE
:10F5200040F2B851C0F2010188423CD0FFE740F2FE
:10F530008810C2F2000000684EF63041C0F20101AE
:10F54000884230D0FFE740F28810C2F20000006825
:10F550004DF2A821C0F20201884224D0FFE740F218
:10F560008810C2F2000000684BF62011C0F20301BF
:10F57000884218D0FFE740F28810C2F2000000680D
:10F5800049F69871C0F2040188420CD0FFE740F2BE
:10F590008810C2F20000006848F21061C0F2050154
:10F5A000884237D1FFE741F62010C2F2000090F800
:10F5B0002400B8B9FFE741F62010C2F20000007F36
:10F5C000012807D1FFE741F62011C2F20001012016
:10F5D000887206E041F62011C2F20001062088720E
:10F5E000FFE716E041F62010C2F20000007F01287C
:10F5F00007D1FFE741F62011C2F20001082088720E
:10F6000006E041F62011C2F2000109208872FFE7EE
:10F61000FFE7FFE7FFE7002001B0704780B582B049
:10F620008DF807009DF8071040F20800C2F20000B4
:10F63000405C8DF806009DF90610012000FA01F2E9
:10F6400041F60C01C4F201010868504008609DF9C0
:10F65000060000EB400140F6FC30C2F2000000EB77
:10F660008110407860BBFFE741F60800C4F201005A
:10F6700000689DF90610C840C00770B1FFE79DF80B
:10F68000060041B201EB410240F6FC31C2F200013A
:10F6900001EB8211C96A8847FFE79DF9060000EB7C
:10F6A000400140F6FC30C2F2000000EB8111D1F8BD
:10F6B000B400D1F8B810808801300968C8623AE017
:10F6C0009DF9060000EB400140F6FC30C2F200005C
:10F6D00000EB8110407801282CD1FFE741F60800AB
:10F6E000C4F2010000689DF90610C840C00780B14F
:10F6F000FFE79DF9060000EB400140F6FC30C2F246
:10F70000000000EB8111C88BD1F8B8100968C862FD
:10F710000FE09DF9060000EB400140F6FC30C2F21C
:10F72000000000EB8111088CD1F8B8100968C8629C
:10F73000FFE7FFE7FFE702B080BD000080B586B0BD
:10F740008DF817009DF8170000EB400140F6FC30E3
:10F75000C2F2000000EB811004900499D1F8B000CF
:10F760000138C1F8B000002835DCFFE704980078C4
:10F77000032817D1FFE70498D0F8B4100968039163
:10F78000C089F0F775FE01460398F0F763FE40B9B3
:10F79000FFE79DF9170000F0D1FB049902200870E3
:10F7A000D5E0FFE7049991F8A500013000F00700CB
:10F7B00081F8A500049991F8A50000EB400001EB49
:10F7C00080004430C1F8B4000499D1F8B4008068D6
:10F7D000C1F8B000FFE7049991F90C208868104443
:10F7E00088609DF81700A8B9FFE70498806845F283
:10F7F0007D0188420EDCFFE70498806841F2A95140
:10F80000884207DBFFE740F27411C2F200010120D9
:10F81000086006E040F27411C2F2000100200860A6
:10F82000FFE740F27410C2F20000006801287CD1AA
:10F83000FFE70498806841F2A95188420AD1FFE7A6
:10F840000498806841F61C11C2F200010860F0F7CC
:10F8500037FF11E00498806845F27D0188420AD1A3
:10F86000FFE70498806841F61C11C2F200010860AD
:10F87000F0F726FFFFE7FFE79DF8170038BBFFE72B
:10F88000049890F90C00012821DBFFE704988068B8
:10F8900041F61C11C2F200010968401AB0F5B67FAA
:10F8A00014D1FFE740F27010C2F200000290012173
:10F8B00001600499896841F61C12C2F200021160CD
:10F8C0000078FFF71FFE02990860FFE72CE09DF823
:10F8D000170040BBFFE7049890F90C00B0F1FF3F20
:10F8E00021DCFFE741F61C10C2F200000068049919
:10F8F0008968401AB0F5B67F14D1FFE740F2701066
:10F90000C2F200000190012101600499896841F66A
:10F910001C12C2F2000211600078FFF7F3FD01999A
:10F920000860FFE7FFE7FFE7FFE7049841688068AA
:10F9300088420CD1FFE79DF81700F9F7DFFD9DF92C
:10F94000170000F0FBFA049905200870FFE706B0E5
:10F9500080BD000080B584B08DF80F009DF80F00C9
:10F9600000EB400140F6FC30C2F2000000EB8110D9
:10F970000290029890F82400042818DCFFE702980F
:10F9800090F92200FEF786FB029991F82310884235
:10F9900007D1FFE7029991F82400013081F8240093
:10F9A00004E00299002081F82400FFE732E0029889
:10F9B00090F82400052810D1FFE70298FFF796FA87
:10F9C000029900200885029991F82400013081F8FD
:10F9D00024000299042008701BE00299088D013070
:10F9E000088580B20299C98C884211DBFFE7029832
:10F9F0004068002804D4FFE7029948688860FFE760
:10FA00009DF90F0000F09AFA02990520087045E070
:10FA1000FFE7FFE70299D1F8B0000138C1F8B00064
:10FA2000002834DCFFE702980078032816D1FFE7AE
:10FA30000298D0F8B41009680191C089F0F718FD58
:10FA400001460198F0F706FD40B9FFE79DF90F0068
:10FA500000F074FA0299022008701FE0029991F8F0
:10FA6000A500013000F0070081F8A500029991F887
:10FA7000A50000EB400001EB80004430C1F8B40069
:10FA80000299D1F8B4008068C1F8B000FFE702998C
:10FA900091F90C20886810448860FFE704B080BDAD
:10FAA00080B582B000208DF807008DF80700FFE7D1
:10FAB0009DF80700072834DCFFE79DF8070000EBFE
:10FAC000400140F6FC30C2F2000000EB81110091D1
:10FAD0009DF8071001EB410100EB8110407808B15F
:10FAE000FFE718E000980078052808D1FFE79DF8A7
:10FAF0000700FFF7C9F90099002008700AE0009894
:10FB0000007830B1FFE70098016B9DF80700884747
:10FB1000FFE7FFE7FFE79DF8070001308DF80700DA
:10FB2000C6E702B080BD000080B586B08DF8170032
:10FB300004918DF80F208DF80E309DF8170000EB22
:10FB4000400140F6FC30C2F2000000EB8110029050
:10FB50000298183001900198C0789DF80E108842E4
:10FB600009D1FFE7019890F902009DF90F10884232
:10FB700001D1FFE747E09DF9170000F0DFF9049895
:10FB800001990880049944F24020C0F20F00B0FBB4
:10FB9000F1F0019988809DF80E000199C8700199D3
:10FBA00088889DF80E20504345F62942C0F28F22E6
:10FBB000A0FB0220C88001998888CA88801A088121
:10FBC0009DF80F00019988709DF817009DF90F109E
:10FBD00000F01CF80299012048709DF80E0040B119
:10FBE000FFE70299012008709DF9170000F0E0F985
:10FBF00009E09DF817000021009100F02FF800980F
:10FC000002990870FFE706B080BD000080B582B0A1
:10FC10008DF807008DF806109DF9060001280DD11A
:10FC2000FFE79DF80700012202FA00F081B241F6D9
:10FC30000040C4F20100F2F7A7FA0CE09DF80710AB
:10FC40000120884081B241F60040C4F20100002248
:10FC5000F2F79AFAFFE702B080BD000080B582B0EB
:10FC60008DF807008DF806109DF8071001208840D8
:10FC70009DF8062081B241F60000C4F20100F2F7BF
:10FC800083FA02B080BD0000B0B586B094468E46BF
:10FC900004460F980E990D990C990B9A0A9D8DF8B0
:10FCA0001740CDF810E0ADF80EC0ADF80C308DF86F
:10FCB0000B208DF80A108DF809009DF8170000EB55
:10FCC000400140F6FC30C2F2000000EB81100190D0
:10FCD000049801998968884201D1FFE770E004988F
:10FCE00001994860BDF80E0001990882BDF80C002A
:10FCF0000199C8810A98019948619DF80B00019902
:10FD000081F838009DF80A00019981F840000199B6
:10FD10000020C1F8B000019948688968884204DD74
:10FD2000FFE701990120087303E00199FF200873A0
:10FD3000FFE79DF81700019991F90C10FFF766FF96
:10FD40009DF80B0002281DD1FFE70D980E99097848
:10FD500001EB410108440199C8639DF8170001991E
:10FD6000C96B88700198C16B4D2048700198C16BB8
:10FD7000012008700E99087801309DF80920104084
:10FD80000870FFE701994EF65910C0F600000863AD
:10FD900001994FF23D70C0F60000C86201994EF61D
:10FDA000FD40C0F6000048630198416B9DF81700C4
:10FDB0008847019900204870019901200870FFE7E9
:10FDC00006B0B0BD2DE9F04387B01D4616460F467C
:10FDD00080461798169915991499139A129BDDF875
:10FDE00044C0DDF840E00F9CDDF838908DF81B80B2
:10FDF0000597ADF81260ADF810508DF80F408DF8F2
:10FE00000EE0ADF80CC08DF80B308DF80A208DF89F
:10FE100009108DF808009DF81B0000EB400140F62A
:10FE2000FC30C2F2000000EB811001909DF90F0040
:10FE3000FEF730F99DF80E10884201D1FFE779E016
:10FE4000059801994860BDF81200019908820E9842
:10FE500001994861BDF810000199C8819DF80F0013
:10FE6000019981F822009DF80E00019981F8230084
:10FE70000199002081F824009DF80B10019A11735C
:10FE8000BDF80C10019AD184019908859DF80A10DB
:10FE9000019A82F838109DF80910019A82F84010F2
:10FEA0000199C1F8B0009DF81B00019991F90C105F
:10FEB000FFF7ACFE9DF80A0002281DD1FFE7159858
:10FEC0001699097801EB410108440199C8639DF82E
:10FED0001B000199C96B88700198C16B4D20487057
:10FEE0000198C16B012008701699087801309DF8BF
:10FEF000082010400870FFE701994EF65D30C0F60B
:10FF00000000086301994FF65510C0F60000C86262
:10FF100001994EF6E150C0F6000048630198416B2C
:10FF20009DF81B0088470199002048700199012025
:10FF30000870FFE707B0BDE8F083000080B582B02D
:10FF40008DF807009DF9070000EB400140F6FC30FA
:10FF5000C2F2000000EB811090F9BC00013028B320
:10FF6000FFE79DF9070000EB400140F6FC30C2F2CC
:10FF7000000000EB811191F9BC3040F20802C2F29E
:10FF80000002FF21D1549DF9072002EB420200EB51
:10FF9000821282F8BC109DF9071001EB410100EBC1
:10FFA0008110D0F8B800F4F705FCFFE702B080BD7F
:10FFB00080B582B08DF8060000208DF80500FFE7BF
:10FFC0009DF80500092800F3F280FFE79DF8051071
:10FFD00040F20800C2F2000040560130002840F014
:10FFE000DF80FFE79DF806009DF8052040F208013C
:10FFF000C2F2000188549DF80500014600910928CD
:020000040801F1
:1000000000F2B2800099DFE801F005162738495A5E
:100010006B7C8D9E9DF9060000EB400140F6FC30A4
:10002000C2F2000000EB811141F29060C2F20000C8
:10003000C1F8B80098E09DF9060000EB400140F6D9
:10004000FC30C2F2000000EB811141F2D060C2F23C
:100050000000C1F8B80087E09DF9060000EB400100
:1000600040F6FC30C2F2000000EB811141F210704A
:10007000C2F20000C1F8B80076E09DF9060000EB7E
:10008000400140F6FC30C2F2000000EB811141F269
:100090005070C2F20000C1F8B80065E09DF906009A
:1000A00000EB400140F6FC30C2F2000000EB811191
:1000B00041F29070C2F20000C1F8B80054E09DF91E
:1000C000060000EB400140F6FC30C2F2000000EBFD
:1000D000811141F21050C2F20000C1F8B80043E0B3
:1000E0009DF9060000EB400140F6FC30C2F2000032
:1000F00000EB811141F25050C2F20000C1F8B8008B
:1001000032E09DF9060000EB400140F6FC30C2F2FF
:10011000000000EB811141F29050C2F20000C1F8E2
:10012000B80021E09DF9060000EB400140F6FC30EC
:10013000C2F2000000EB811141F2D050C2F2000087
:10014000C1F8B80010E09DF9060000EB400140F650
:10015000FC30C2F2000000EB811141F21060C2F2EB
:100160000000C1F8B800FFE79DF805109DF90600F2
:1001700000EB400240F6FC30C2F2000000EB8212BD
:1001800082F8BC109DF9061001EB410100EB8110D3
:10019000D0F8B800F4F7FCFA01208DF807000AE067
:1001A000FFE79DF8050001308DF8050008E7002005
:1001B0008DF80700FFE79DF8070002B080BD000042
:1001C00080B584B08DF80F009DF80F0000EBC001E2
:1001D00041F2FC10C2F2000000EB81000290029894
:1001E000007D01280ED1FFE79DF80F0000EB800194
:1001F0004CF2504000EB8102022011210A23F9F752
:10020000EDFE0CE00298007D022807D1FFE702987E
:1002100080690190019900200870FFE7FFE704B0B2
:1002200080BD000080B582B000208DF80700FFE798
:100230009DF807000F280CDCFFE79DF80700002160
:1002400000F022FBFFE79DF8070001308DF8070062
:10025000EEE702B080BD000084B08DF80E00029180
:100260008DF807208DF806309DF80E00102804DB6D
:10027000FFE7FF208DF80F00D8E09DF80E0000EB9F
:10028000C00141F2FC10C2F2000000EB81000090BE
:100290000098007802999DF807209DF806301A40D2
:1002A00088540098007D02999DF8072001329DF83E
:1002B00006301A4088540098407802999DF807202B
:1002C00002329DF806301A408854009880780299CE
:1002D0009DF8072003329DF806301A408854009894
:1002E000C07902999DF8072004329DF806301A4023
:1002F00088540098C08802999DF8072005329DF81F
:1003000006301A40885400984068000A02999DF807
:10031000072006329DF806301A408854009840683D
:1003200002999DF8072007329DF806301A4088543C
:100330000098C07A02999DF8072008329DF806308F
:100340001A4088540098408902999DF80720093284
:100350009DF806301A40885400988068000A029977
:100360009DF807200A329DF806301A4088540098FC
:10037000806802999DF807200B329DF806301A40DC
:1003800088540098C07B02999DF807200C329DF894
:1003900006301A4088540098C08902999DF80720B9
:1003A0000D329DF806301A4088540098C068000A43
:1003B00002999DF807200E329DF806301A408854A5
:1003C0000098C06802999DF807200F329DF806300A
:1003D0001A4088540098007C02999DF8072010323A
:1003E0009DF806301A4088540098407C02999DF888
:1003F000072011329DF806301A4088540098807CFE
:1004000002999DF8072012329DF806301A40885450
:100410000098C07C02999DF8072013329DF80630A1
:100420001A40885414208DF80F00FFE79DF90F0043
:1004300004B0704784B08DF80E0002918DF807204B
:100440008DF806309DF80E00102804DBFFE7FF2032
:100450008DF80F00B2E09DF80E0000EBC00141F2F4
:10046000FC10C2F2000000EB8100009002989DF8A1
:1004700007109DF806201140405C00990870029812
:100480009DF8071001319DF806201140405C00994D
:10049000087502989DF8071002319DF8062011405A
:1004A000405C0099487002999DF80720101D9DF846
:1004B00006301840085C000602F1050C0CEA030C3B
:1004C00011F80CC040EA0C4002F1060C0CEA030CD7
:1004D00011F80CC040EA0C2007321A40895C08442D
:1004E0000099486002999DF8072002F108009DF8E4
:1004F00006301840085C000602F1090C0CEA030CF7
:1005000011F80CC040EA0C4002F10A0C0CEA030C92
:1005100011F80CC040EA0C200B321A40895C0844E8
:100520000099886002999DF8072002F10C009DF85F
:1005300006301840085C000602F10D0C0CEA030CB2
:1005400011F80CC040EA0C4002F10E0C0CEA030C4E
:1005500011F80CC040EA0C200F321A40895C0844A4
:100560000099C86002989DF8071010319DF8062088
:100570001140405C0099087402989DF807101131F1
:100580009DF806201140405C0099487402989DF83F
:10059000071012319DF806201140405C00998874C4
:1005A00002989DF8071013319DF806201140405C19
:1005B0000099C87414208DF80F00FFE79DF90F0013
:1005C00004B0704780B588B000208DF81F008DF80A
:1005D0001F00FFE79DF81F000F2800F3D680FFE7FC
:1005E0009DF81F0000EBC00141F2FC10C2F20000B8
:1005F00000EB8100069006980078032839D1FFE7C8
:100600000698006A0590F1F7D7FD014605988842E3
:100610002ED8FFE706988078012806D1FFE79DF8DD
:100620001F00002100F030F905E09DF81F000121B6
:1006300000F02AF9FFE70699087C01300874069952
:10064000087C497C884208DBFFE706990020087097
:100650009DF81F00FFF7B4FD09E0F1F7ADFD069925
:10066000CA6810440862069902200870FFE7FFE795
:1006700084E00698007802280FD1FFE70698006A08
:100680000490F1F799FD01460498884204D8FFE7E9
:10069000069901200870FFE76FE0069800780628A9
:1006A0001BD1FFE70698806840B9FFE70699002054
:1006B00008709DF81F00FFF783FD0DE00698806825
:1006C0000390F1F779FD0146039808440699086202
:1006D000069903200870FFE74EE006980078052889
:1006E0000FD1FFE7069890F91200FDF7E3FC069999
:1006F000C97C884204D1FFE7069906200870FFE70D
:1007000039E006980078042820D1FFE70698006AAF
:100710000290F1F751FD01460298884215D8FFE793
:100720009DF81F000699497800F0AEF8069890F9F8
:100730001200013020B9FFE706990620087003E097
:10074000069905200870FFE7FFE713E00698007898
:1007500001280ED1FFE7069840680190F1F72CFDC3
:100760000146019808440699086206990420087019
:10077000FFE7FFE7FFE7FFE7FFE7FFE7FFE79DF89A
:100780001F0001308DF81F0024E708B080BD000075
:100790002DE9F04186B01C4615460E4607461498D2
:1007A000139912991199109A0F9BDDF838C0DDF852
:1007B00034E0DDF830808DF817708DF81660049500
:1007C00003948DF80BE08DF80AC08DF809308DF890
:1007D00008208DF807108DF806009DF8170000EB33
:1007E000C00141F2FC10C2F2000000EB8100009059
:1007F0000498009948600398009988600C980099C3
:10080000C8600099002008749DF80B000099487496
:100810009DF80A00009988749DF809000099C87431
:100820009DF81600009948700099012008709DF805
:100830000800009908759DF80700009908779DF851
:10084000080002281DD1FFE712981399097801EBDF
:1008500041010844009988619DF817000099896951
:100860008870009881695020487000988169012043
:1008700008701399087801309DF806201040087020
:10088000FFE706B0BDE8F08180B582B08DF80700C3
:100890008DF806109DF80600012804D1FFE700201E
:1008A0008DF8050003E001208DF80500FFE79DF8B5
:1008B0000700014600910F2800F2B4800099DFE89C
:1008C00001F008121C27313B454F59646F7A85901F
:1008D0009BA69DF8052042F20000C4F20100012110
:1008E000F1F752FC9FE09DF8052042F20000C4F2AF
:1008F00001000221F1F748FC95E09DF8052042F245
:100900000000C4F201004FF48071F1F73DFC8AE071
:100910009DF8052042F20000C4F201000821F1F721
:1009200033FC80E09DF8052042F20000C4F2010093
:100930001021F1F729FC76E09DF8052042F2000035
:10094000C4F201002021F1F71FFC6CE09DF80520A6
:1009500042F20000C4F201004021F1F715FC62E010
:100960009DF8052042F20000C4F201008021F1F759
:100970000BFC58E09DF8052041F20040C4F2010054
:100980004FF48071F1F700FC4DE09DF8052041F235
:100990000040C4F201004FF40071F1F7F5FB42E0B2
:1009A0009DF8052041F20040C4F201004FF480613F
:1009B000F1F7EAFB37E09DF8052041F20040C4F270
:1009C00001004FF40061F1F7DFFB2CE09DF80520FA
:1009D00041F20040C4F201004FF48051F1F7D4FB22
:1009E00021E09DF8052041F20040C4F201004FF4DF
:1009F0000051F1F7C9FB16E09DF8052041F20040D7
:100A0000C4F201004FF48041F1F7BEFB0BE09DF80A
:100A1000052041F20040C4F201004FF40041F1F71B
:100A2000B3FB00E0FFE79DF806009DF8071001EB1F
:100A3000C10241F2FC11C2F2000101EB8201887097
:100A400002B080BD80B5FDF717FAFFF7EBFBFBF7AF
:100A50001FFDFEF7B1FAFBF7C3FF41F26442C2F299
:100A600000020020A021FCF7FFF9FCF777FB0F2024
:100A70000121FFF709FF80BD80B582B08DF8060027
:100A8000FFF70EF89DF80600012804D1FFE70020CB
:100A90008DF8070035E041F65010C2F200000178F1
:100AA00001310170007801380146009106281BD8F9
:100AB0000099DFE801F004070A0D10131600FCF797
:100AC00065FC1AE0FDF708FC17E0FFF77BFD14E07A
:100AD000FBF766FE11E0FBF7C5FB0EE0FCF78AF9B9
:100AE0000BE0FCF733F808E041F65011C2F20001C8
:100AF000002008708DF8070003E001208DF8070042
:100B0000FFE79DF8070002B080BD000082B08DF8BD
:100B100007009DF807000146009140B1FFE70098EB
:100B2000012808D0FFE70098072808D00BE0002034
:100B30008DF806000BE002208DF8060007E0062085
:100B40008DF8060003E004208DF80600FFE79DF80D
:100B5000060002B07047000081B08DF802009DF8D9
:100B6000020030280BDBFFE79DF80200392806DC85
:100B7000FFE79DF8020030388DF8030013E09DF880
:100B8000020041280BDBFFE79DF80200462806DC47
:100B9000FFE79DF8020037388DF8030003E0FF20DF
:100BA0008DF80300FFE79DF8030001B070470000D7
:100BB00083B002908DF80710ADF804208DF8033053
:100BC00000208DF80200FFE7BDF80400411EADF8DB
:100BD000041090B1FFE702989DF80710415C9DF862
:100BE000020008448DF802009DF8070001309DF8CE
:100BF000031008408DF80700E6E79DF80200404228
:100C00008DF802009DF8020003B0704784B0039095
:100C10008DF80B10ADF808208DF80730FF208DF807
:100C200006008DF80500FFE7BDF80800411EADF88D
:100C3000081020B3FFE79DF8050003999DF80B20ED
:100C4000895C484000909DF80B0001309DF807102A
:100C500008408DF80B009DF80600009A40F6DD4133
:100C6000C0F60101895C48408DF80500009940F606
:100C7000DD50C0F60100405C8DF80600D4E79DF819
:100C800006109DF8050040EA012004B0704702E01C
:100C900008C8121F08C1002AFAD170477047002007
:100CA00001E001C1121F002AFBD1704700000000C3
:100CB000000000000102030406070809000000000C
:100CC00001020304C0A80001C0A800C70C29AB7C26
:100CD0000001FFFFFF00C0A8007B901F0000C18142
:100CE0004001C0804101C0804100C1814001C080FD
:100CF0004100C1814000C1814001C0804101C080EC
:100D00004100C1814000C1814001C0804100C181DA
:100D10004001C0804101C0804100C1814001C080CC
:100D20004100C1814000C1814001C0804100C181BA
:100D30004001C0804101C0804100C1814000C181AB
:100D40004001C0804101C0804100C1814001C0809C
:100D50004100C1814000C1814001C0804101C0808B
:100D60004100C1814000C1814001C0804100C1817A
:100D70004001C0804101C0804100C1814000C1816B
:100D80004001C0804101C0804100C1814001C0805C
:100D90004100C1814000C1814001C0804100C1814A
:100DA0004001C0804101C0804100C1814001C0803C
:100DB0004100C1814000C1814001C0804101C0802B
:100DC0004100C1814000C1814001C0804100C1811A
:100DD0004001C0804101C0804100C1814000C0C1CC
:100DE00001C30302C2C60607C705C5C404CC0C0D67
:100DF000CD0FCFCE0E0ACACB0BC90908C8D8181917
:100E0000D91BDBDA1A1EDEDF1FDD1D1CDC14D4D576
:100E100015D71716D6D21213D311D1D010F0303106
:100E2000F133F3F23236F6F737F53534F43CFCFDA6
:100E30003DFF3F3EFEFA3A3BFB39F9F83828E8E936
:100E400029EB2B2AEAEE2E2FEF2DEDEC2CE42425B6
:100E5000E527E7E62622E2E323E12120E0A0606126
:100E6000A163A3A26266A6A767A56564A46CACADE6
:100E70006DAF6F6EAEAA6A6BAB69A9A86878B8B996
:100E800079BB7B7ABABE7E7FBF7DBDBC7CB47475F6
:100E9000B577B7B67672B2B373B17170B050909146
:100EA000519353529296565797559594549C5C5D26
:100EB0009D5F9F9E5E5A9A9B5B99595898884849B6
:100EC000894B8B8A4A4E8E8F4F8D4D4C8C44848536
:100ED00045874746868242438341818040736572DD
:100EE00069616C20706F72742D310D0A0073657228
:100EF00069616C20706F72742D330D0A0073657216
:100F000069616C20706F72742D340D0A0073657204
:100F100069616C20706F72742D350D0A000000003D
:100F2000400F010800000020E00000008E0C0108C6
:100F300020100108E0000020C06800009E0C01089D
:100F400000A24A0498670000FFFFFFFFFFFFFFFFBA
:100F5000FFFF30000100000010000000030000004F
:100F6000F18A00083D8A0008100000007590000812
:100F7000C98F000806000000318F00081D8F00088F
:100F8000170000008D8C0008798C0008000000001C
:100F90000000000000000000000000000000000051
:100FA0000000000000000000000000000000000041
:100FB0000000000000000000000000000000000031
:100FC0000000000000000000000000000000000021
:100FD0000000000000000000000000000000000011
:100FE0000000000000000000000000000000000001
:100FF00000000000000000000000000000000000F1
:1010000000000000000000000000000000000000E0
:1010100000000000000000000000000000000000D0
:0400000508000131BD
:00000001FF
